Title,Year,Rating,Genre,Description,Thumbnail URL
쇼생크 탈출,1994,9.3,Drama,"Over the course of several years, two convicts form a friendship, seeking consolation and, eventually, redemption through basic compassion.","https://m.media-amazon.com/images/M/MV5BOTM0NDcwYTctNTVkZi00YmVjLTk4ZDMtYjE4ODZmMTcyYmRmXkEyXkFqcGdeQXVyMTI5MzA0ODcy._V1_QL75_UY562_CR26,0,380,562_.jpg"
Daeboo,1972,9.2,"Crime, Drama",The aging patriarch of an organized crime dynasty transfers control of his clandestine empire to his reluctant son.,"https://m.media-amazon.com/images/M/MV5BMDNiNzhmNGEtZDFjZC00NTVlLThiMjEtZTdlZDNlYmMxYTkwXkEyXkFqcGdeQXVyMTEwNDU1MzEy._V1_QL75_UY562_CR7,0,380,562_.jpg"
다크 나이트,2008,9.0,"Action, Crime, Drama","When the menace known as the Joker wreaks havoc and chaos on the people of Gotham, Batman must accept one of the greatest psychological and physical tests of his ability to fight injustice.","https://m.media-amazon.com/images/M/MV5BMTMxNTMwODM0NF5BMl5BanBnXkFtZTcwODAyMTk2Mw@@._V1_QL75_UX380_CR0,0,380,562_.jpg"
The Godfather Part II,1974,9.0,"Crime, Drama","The early life and career of Vito Corleone in 1920s New York City is portrayed, while his son, Michael, expands and tightens his grip on the family crime syndicate.","https://m.media-amazon.com/images/M/MV5BMGM0MzkxM2MtYWQ2My00NjYyLThhYmYtMTdkNTMyNmFmYTY1XkEyXkFqcGdeQXVyNjU0OTQ0OTY@._V1_QL75_UY562_CR7,0,380,562_.jpg"
12명의 성난 사람들,1957,9.0,"Crime, Drama",The jury in a New York City murder trial is frustrated by a single member whose skeptical caution forces them to more carefully consider the evidence before jumping to a hasty verdict.,"https://m.media-amazon.com/images/M/MV5BMWU4N2FjNzYtNTVkNC00NzQ0LTg0MjAtYTJlMjFhNGUxZDFmXkEyXkFqcGdeQXVyNjc1NTYyMjg@._V1_QL75_UX380_CR0,11,380,562_.jpg"
쉰들러 리스트,1993,9.0,"Biography, Drama, History","In German-occupied Poland during World War II, industrialist Oskar Schindler gradually becomes concerned for his Jewish workforce after witnessing their persecution by the Nazis.","https://m.media-amazon.com/images/M/MV5BYjhhNmY3YzItODc4Ny00YzI3LWJkYjYtZTMxOWZkYjE5YzdlXkEyXkFqcGdeQXVyMTI5MzA0ODcy._V1_QL75_UY562_CR6,0,380,562_.jpg"
반지의 제왕: 왕의 귀환,2003,9.0,"Action, Adventure, Drama",Gandalf and Aragorn lead the World of Men against Sauron's army to draw his gaze from Frodo and Sam as they approach Mount Doom with the One Ring.,"https://m.media-amazon.com/images/M/MV5BNzA5ZDNlZWMtM2NhNS00NDJjLTk4NDItYTRmY2EwMWZlMTY3XkEyXkFqcGdeQXVyNzkwMjQ5NzM@._V1_QL75_UX380_CR0,0,380,562_.jpg"
펄프 픽션,1994,8.9,"Crime, Drama","The lives of two mob hitmen, a boxer, a gangster and his wife, and a pair of diner bandits intertwine in four tales of violence and redemption.","https://m.media-amazon.com/images/M/MV5BNGNhMDIzZTUtNTBlZi00MTRlLWFjM2ItYzViMjE3YzI5MjljXkEyXkFqcGdeQXVyNzkwMjQ5NzM@._V1_QL75_UY562_CR3,0,380,562_.jpg"
반지의 제왕: 반지 원정대,2001,8.9,"Action, Adventure, Drama",A meek Hobbit from the Shire and eight companions set out on a journey to destroy the powerful One Ring and save Middle-earth from the Dark Lord Sauron.,"https://m.media-amazon.com/images/M/MV5BODAzYTVlZDEtY2I4ZC00MmYyLTk3YWYtZGQxOTBiYjg4YjFjXkEyXkFqcGdeQXVyMTMxNDQyNjM5._V1_QL75_UY562_CR7,0,380,562_.jpg"
석양의 무법자,1966,8.8,"Adventure, Drama, Western",A bounty hunting scam joins two men in an uneasy alliance against a third in a race to find a fortune in gold buried in a remote cemetery.,"https://m.media-amazon.com/images/M/MV5BNjJlYmNkZGItM2NhYy00MjlmLTk5NmQtNjg1NmM2ODU4OTMwXkEyXkFqcGdeQXVyMjUzOTY1NTc@._V1_QL75_UX380_CR0,4,380,562_.jpg"
포레스트 검프,1994,8.8,"Drama, Romance","The history of the United States from the 1950s to the '70s unfolds from the perspective of an Alabama man with an IQ of 75, who yearns to be reunited with his childhood sweetheart.","https://m.media-amazon.com/images/M/MV5BNWY3YTMyYzEtNDY4Ny00Y2Y4LTliMWUtZTVjODEzYjBiMzI5XkEyXkFqcGdeQXVyMTI5MzA0ODcy._V1_QL75_UY562_CR6,0,380,562_.jpg"
The Lord of the Rings: The Two Towers,2002,8.8,"Action, Adventure, Drama","While Frodo and Sam edge closer to Mordor with the help of the shifty Gollum, the divided fellowship makes a stand against Sauron's new ally, Saruman, and his hordes of Isengard.","https://m.media-amazon.com/images/M/MV5BNjUxODE3NDYtMDM2Zi00ZDZiLWIxMmQtZmNhNzJkZWQyZTE0XkEyXkFqcGdeQXVyMTMxNDQyNjM5._V1_QL75_UY562_CR7,0,380,562_.jpg"
파이트 클럽,1999,8.8,Drama,An insomniac office worker and a devil-may-care soap maker form an underground fight club that evolves into much more.,"https://m.media-amazon.com/images/M/MV5BNjUwNzRiOWMtMjAzMS00OWM5LWJkNjYtNjM0MjlmYzZlYjQ0XkEyXkFqcGdeQXVyMTI5MzA0ODcy._V1_QL75_UY562_CR9,0,380,562_.jpg"
인셉션,2010,8.8,"Action, Adventure, Sci-Fi","A thief who steals corporate secrets through the use of dream-sharing technology is given the inverse task of planting an idea into the mind of a C.E.O., but his tragic past may doom the pro... Read all","https://m.media-amazon.com/images/M/MV5BMjAxMzY3NjcxNF5BMl5BanBnXkFtZTcwNTI5OTM0Mw@@._V1_QL75_UX380_CR0,0,380,562_.jpg"
스타워즈 에피소드 5 - 제국의 역습,1980,8.7,"Action, Adventure, Fantasy","After the Rebel Alliance are overpowered by the Empire, Luke Skywalker begins his Jedi training with Yoda, while his friends are pursued across the galaxy by Darth Vader and bounty hunter Bo... Read all","https://m.media-amazon.com/images/M/MV5BYmU1NDRjNDgtMzhiMi00NjZmLTg5NGItZDNiZjU5NTU4OTE0XkEyXkFqcGdeQXVyNzkwMjQ5NzM@._V1_QL75_UX380_CR0,15,380,562_.jpg"
매트릭스,1999,8.7,"Action, Sci-Fi","When a beautiful stranger leads computer hacker Neo to a forbidding underworld, he discovers the shocking truth--the life he knows is the elaborate deception of an evil cyber-intelligence.","https://m.media-amazon.com/images/M/MV5BNzQzOTk3OTAtNDQ0Zi00ZTVkLWI0MTEtMDllZjNkYzNjNTc4L2ltYWdlXkEyXkFqcGdeQXVyNjU0OTQ0OTY@._V1_QL75_UX380_CR0,4,380,562_.jpg"
좋은 친구들,1990,8.7,"Biography, Crime, Drama","The story of Henry Hill and his life in the mafia, covering his relationship with his wife Karen and his mob partners Jimmy Conway and Tommy DeVito.","https://m.media-amazon.com/images/M/MV5BY2NkZjEzMDgtN2RjYy00YzM1LWI4ZmQtMjIwYjFjNmI3ZGEwXkEyXkFqcGdeQXVyNzkwMjQ5NzM@._V1_QL75_UX380_CR0,3,380,562_.jpg"
뻐꾸기 둥지 위로 날아간 새,1975,8.7,Drama,"In the Fall of 1963, a Korean War veteran and criminal pleads insanity and is admitted to a mental institution, where he rallies up the scared patients against the tyrannical nurse.","https://m.media-amazon.com/images/M/MV5BZjA0OWVhOTAtYWQxNi00YzNhLWI4ZjYtNjFjZTEyYjJlNDVlL2ltYWdlL2ltYWdlXkEyXkFqcGdeQXVyMTQxNzMzNDI@._V1_QL75_UX380_CR0,1,380,562_.jpg"
세븐,1995,8.6,"Crime, Drama, Mystery","Two detectives, a rookie and a veteran, hunt a serial killer who uses the seven deadly sins as his motives.","https://m.media-amazon.com/images/M/MV5BOTUwODM5MTctZjczMi00OTk4LTg3NWUtNmVhMTAzNTNjYjcyXkEyXkFqcGdeQXVyNjU0OTQ0OTY@._V1_QL75_UX380_CR0,16,380,562_.jpg"
인터스텔라,2014,8.7,"Adventure, Drama, Sci-Fi","When Earth becomes uninhabitable in the future, a farmer and ex-NASA pilot, Joseph Cooper, is tasked to pilot a spacecraft, along with a team of researchers, to find a new planet for humans.","https://m.media-amazon.com/images/M/MV5BMThiZTU2NGUtM2RlYi00N2E5LThjMDMtZDY5YTU5MGM1M2IxXkEyXkFqcGdeQXVyNjc1ODU3OTE@._V1_QL75_UY562_CR7,0,380,562_.jpg"
멋진 인생,1946,8.6,"Drama, Family, Fantasy",An angel is sent from Heaven to help a desperately frustrated businessman by showing him what life would have been like if he had never existed.,"https://m.media-amazon.com/images/M/MV5BZjc4NDZhZWMtNGEzYS00ZWU2LThlM2ItNTA0YzQ0OTExMTE2XkEyXkFqcGdeQXVyNjUwMzI2NzU@._V1_QL75_UY562_CR3,0,380,562_.jpg"
7인의 사무라이,1954,8.6,"Action, Drama","Farmers from a village exploited by bandits hire a veteran samurai for protection, who gathers six other samurai to join him.","https://m.media-amazon.com/images/M/MV5BNTkwY2I5NWMtMjNlNi00ZThjLWI4NzQtNDI4M2I4OGM1YjAzXkEyXkFqcGdeQXVyNzYxODE3NTQ@._V1_QL75_UY562_CR9,0,380,562_.jpg"
양들의 침묵,1991,8.6,"Crime, Drama, Thriller","A young F.B.I. cadet must receive the help of an incarcerated and manipulative cannibal killer to help catch another serial killer, a madman who skins his victims.","https://m.media-amazon.com/images/M/MV5BN2ZlMDM3YzYtNzU3Ny00YTkxLWFmYzAtMzQ4NGViMDJkMGEzXkEyXkFqcGdeQXVyMTEwNDU1MzEy._V1_QL75_UY562_CR18,0,380,562_.jpg"
라이언 일병 구하기,1998,8.6,"Drama, War","Following the Normandy Landings, a group of U.S. soldiers go behind enemy lines to retrieve a paratrooper whose brothers have been killed in action.","https://m.media-amazon.com/images/M/MV5BZjhkMDM4MWItZTVjOC00ZDRhLThmYTAtM2I5NzBmNmNlMzI1XkEyXkFqcGdeQXVyNDYyMDk5MTU@._V1_QL75_UY562_CR1,0,380,562_.jpg"
시티 오브 갓,2002,8.6,"Crime, Drama","In the slums of Rio, two kids' paths diverge as one struggles to become a photographer and the other a kingpin.","https://m.media-amazon.com/images/M/MV5BODJjYmIxN2MtZTNjYy00ZTJmLWEzZjItMjUyYTljMThjMGY1XkEyXkFqcGdeQXVyMTI5MzA0ODcy._V1_QL75_UY562_CR1,0,380,562_.jpg"
La vita è bella,1997,8.6,"Comedy, Drama, Romance","When an open-minded Jewish waiter and his son become victims of the Holocaust, he uses a perfect mixture of will, humor and imagination to protect his son from the dangers around their camp.","https://m.media-amazon.com/images/M/MV5BMTlhYTRhMDEtMjE3ZS00ZDdlLWE1NWMtNjRjMjMwNDQ1ZTc0XkEyXkFqcGdeQXVyMTI5MzA0ODcy._V1_QL75_UY562_CR8,0,380,562_.jpg"
그린 마일,1999,8.6,"Crime, Drama, Fantasy","A tale set on death row, where gentle giant John Coffey possesses the mysterious power to heal people's ailments. When the lead guard, Paul Edgecombe, recognizes John's gift, he tries to hel... Read all","https://m.media-amazon.com/images/M/MV5BMTUxMzQyNjA5MF5BMl5BanBnXkFtZTYwOTU2NTY3._V1_QL75_UX380_CR0,0,380,562_.jpg"
Teomineiteo 2,1991,8.6,"Action, Adventure, Sci-Fi","A cyborg, identical to the one who failed to kill Sarah Connor, must now protect her ten year old son John from an even more advanced and powerful cyborg.","https://m.media-amazon.com/images/M/MV5BZWVkMTk2YTItMzY2OC00YTVlLWFkZjUtZTM5ZWViMTU1ZWE2XkEyXkFqcGdeQXVyMzM4MjM0Nzg@._V1_QL75_UX380_CR0,7,380,562_.jpg"
Star Wars,1977,8.6,"Action, Adventure, Fantasy","Luke Skywalker joins forces with a Jedi Knight, a cocky pilot, a Wookiee and two droids to save the galaxy from the Empire's world-destroying battle station, while also attempting to rescue ... Read all","https://m.media-amazon.com/images/M/MV5BOTA5NjhiOTAtZWM0ZC00MWNhLThiMzEtZDFkOTk2OTU1ZDJkXkEyXkFqcGdeQXVyMTA4NDI1NTQx._V1_QL75_UX380_CR0,9,380,562_.jpg"
Dune: Part Two,2024,8.6,"Action, Adventure, Drama",Paul Atreides unites with Chani and the Fremen while seeking revenge against the conspirators who destroyed his family.,"https://m.media-amazon.com/images/M/MV5BN2QyZGU4ZDctOWMzMy00NTc5LThlOGQtODhmNDI1NmY5YzAwXkEyXkFqcGdeQXVyMDM2NDM2MQ@@._V1_QL75_UX380_CR0,0,380,562_.jpg"
빽 투 더 퓨쳐,1985,8.5,"Adventure, Comedy, Sci-Fi","Marty McFly, a 17-year-old high school student, is accidentally sent 30 years into the past in a time-traveling DeLorean invented by his close friend, the maverick scientist Doc Brown.","https://m.media-amazon.com/images/M/MV5BZmU0M2Y1OGUtZjIxNi00ZjBkLTg1MjgtOWIyNThiZWIwYjRiXkEyXkFqcGdeQXVyMTQxNzMzNDI@._V1_QL75_UX380_CR0,14,380,562_.jpg"
센과 치히로의 행방불명,2001,8.6,"Animation, Adventure, Family","During her family's move to the suburbs, a sullen 10-year-old girl wanders into a world ruled by gods, witches and spirits, and where humans are changed into beasts.","https://m.media-amazon.com/images/M/MV5BMjlmZmI5MDctNDE2YS00YWE0LWE5ZWItZDBhYWQ0NTcxNWRhXkEyXkFqcGdeQXVyMTMxODk2OTU@._V1_QL75_UX380_CR0,0,380,562_.jpg"
피아니스트,2002,8.5,"Biography, Drama, Music","During WWII, acclaimed Polish musician Wladyslaw faces various struggles as he loses contact with his family. As the situation worsens, he hides in the ruins of Warsaw in order to survive.","https://m.media-amazon.com/images/M/MV5BNGM1ZmZmMzQtOTExMi00YmM3LTg4MzUtZDUyOTE4MTJjN2RiXkEyXkFqcGdeQXVyNDI3NjU1NzQ@._V1_QL75_UY562_CR7,0,380,562_.jpg"
Gisaengchung,2019,8.5,"Drama, Thriller",Greed and class discrimination threaten the newly-formed symbiotic relationship between the wealthy Park family and the destitute Kim clan.,"https://m.media-amazon.com/images/M/MV5BYWZjMjk3ZTItODQ2ZC00NTY5LWE0ZDYtZTI3MjcwN2Q5NTVkXkEyXkFqcGdeQXVyODk4OTc3MTY@._V1_QL75_UX380_CR0,0,380,562_.jpg"
싸이코,1960,8.5,"Horror, Mystery, Thriller",A secretary on the run for embezzlement takes refuge at a secluded California motel owned by a repressed man and his overbearing mother.,"https://m.media-amazon.com/images/M/MV5BNTQwNDM1YzItNDAxZC00NWY2LTk0M2UtNDIwNWI5OGUyNWUxXkEyXkFqcGdeQXVyNzkwMjQ5NzM@._V1_QL75_UX380_CR0,1,380,562_.jpg"
글래디에이터,2000,8.5,"Action, Adventure, Drama",A former Roman General sets out to exact vengeance against the corrupt emperor who murdered his family and sent him into slavery.,"https://m.media-amazon.com/images/M/MV5BODU3ODIwZjUtNzZlNC00Y2U3LTlhYTktMDNjN2QxODFhODkzXkEyXkFqcGdeQXVyMTI5MzA0ODcy._V1_QL75_UY562_CR7,0,380,562_.jpg"
Spider-Man: Across the Spider-Verse,2023,8.6,"Animation, Action, Adventure","Miles Morales catapults across the multiverse, where he encounters a team of Spider-People charged with protecting its very existence. When the heroes clash on how to handle a new threat, Mi... Read all","https://m.media-amazon.com/images/M/MV5BMzI0NmVkMjEtYmY4MS00ZDMxLTlkZmEtMzU4MDQxYTMzMjU2XkEyXkFqcGdeQXVyMzQ0MzA0NTM@._V1_QL75_UX380_CR0,1,380,562_.jpg"
라이온 킹,1994,8.5,"Animation, Adventure, Drama","Lion prince Simba and his father are targeted by his bitter uncle, who wants to ascend the throne himself.","https://m.media-amazon.com/images/M/MV5BYTYxNGMyZTYtMjE3MS00MzNjLWFjNmYtMDk3N2FmM2JiM2M1XkEyXkFqcGdeQXVyNjY5NDU4NzI@._V1_QL75_UX380_CR0,1,380,562_.jpg"
디파티드,2006,8.5,"Crime, Drama, Thriller",An undercover cop and a mole in the police attempt to identify each other while infiltrating an Irish gang in South Boston.,"https://m.media-amazon.com/images/M/MV5BMTI1MTY2OTIxNV5BMl5BanBnXkFtZTYwNjQ4NjY3._V1_QL75_UY562_CR0,0,380,562_.jpg"
레옹,1994,8.5,"Action, Crime, Drama","12-year-old Mathilda is reluctantly taken in by Léon, a professional assassin, after her family is murdered. An unusual relationship forms as she becomes his protégée and learns the assassin... Read all","https://m.media-amazon.com/images/M/MV5BOTgyMWQ0ZWUtN2Q2MS00NmY0LWI3OWMtNjFkMzZlNDZjNTk0XkEyXkFqcGdeQXVyMjUzOTY1NTc@._V1_QL75_UX380_CR0,2,380,562_.jpg"
아메리칸 히스토리 X,1998,8.5,"Crime, Drama","Living a life marked by violence, neo-Nazi Derek finally goes to prison after killing two black youths. Upon his release, Derek vows to change; he hopes to prevent his brother, Danny, who id... Read all","https://m.media-amazon.com/images/M/MV5BNWQ0YjJmMzQtNzU0Ni00YmNkLTljNzEtMDk0Mjg0YzcwNzRhXkEyXkFqcGdeQXVyMzM4MjM0Nzg@._V1_QL75_UY562_CR15,0,380,562_.jpg"
위플래쉬,2014,8.5,"Drama, Music",A promising young drummer enrolls at a cut-throat music conservatory where his dreams of greatness are mentored by an instructor who will stop at nothing to realize a student's potential.,"https://m.media-amazon.com/images/M/MV5BZDAwMDIwYzgtMTNiNC00ZGM3LThmZTMtZDQwNTFkNWQyZDQyXkEyXkFqcGdeQXVyMTI5MzA0ODcy._V1_QL75_UY562_CR8,0,380,562_.jpg"
프레스티지,2006,8.5,"Drama, Mystery, Sci-Fi","After a tragic accident, two stage magicians in 1890s London engage in a battle to create the ultimate illusion while sacrificing everything they have to outwit each other.","https://m.media-amazon.com/images/M/MV5BYjIwN2E3NGUtYzA5MC00YjY5LTgxZjYtMmYyMjVkYjQyNGRjXkEyXkFqcGdeQXVyNjc1ODU3OTE@._V1_QL75_UY562_CR10,0,380,562_.jpg"
반딧불이의 묘,1988,8.5,"Animation, Drama, War",A young boy and his little sister struggle to survive in Japan during World War II.,"https://m.media-amazon.com/images/M/MV5BZmY2NjUzNDQtNTgxNC00M2Q4LTljOWQtMjNjNDBjNWUxNmJlXkEyXkFqcGdeQXVyNTA4NzY1MzY@._V1_QL75_UX380_CR0,4,380,562_.jpg"
Seppuku,1962,8.6,"Action, Drama, Mystery","When a ronin requesting seppuku at a feudal lord's palace is told of the brutal suicide of another ronin who previously visited, he reveals how their pasts are intertwined - and in doing so ... Read all","https://m.media-amazon.com/images/M/MV5BMWNmYzg5NWYtNzhiMS00NzlkLTgyOTUtYzM3MjY0NDc2YjFkXkEyXkFqcGdeQXVyNzkwMjQ5NzM@._V1_QL75_UY562_CR5,0,380,562_.jpg"
유주얼 서스펙트,1995,8.5,"Crime, Drama, Mystery",The sole survivor of a pier shoot-out tells the story of how a notorious criminal influenced the events that began with five criminals meeting in a seemingly random police lineup.,"https://m.media-amazon.com/images/M/MV5BOGRhZTg5YjItMTVjYy00YzA3LThmMGItMWEwMzdhMzdkYTJhXkEyXkFqcGdeQXVyMTI5MzA0ODcy._V1_QL75_UY562_CR6,0,380,562_.jpg"
카사블랑카,1942,8.5,"Drama, Romance, War",A cynical expatriate American cafe owner struggles to decide whether or not to help his former lover and her fugitive husband escape the Nazis in French Morocco.,"https://m.media-amazon.com/images/M/MV5BY2IzZGY2YmEtYzljNS00NTM5LTgwMzUtMzM1NjQ4NGI0OTk0XkEyXkFqcGdeQXVyNDYyMDk5MTU@._V1_QL75_UX380_CR0,5,380,562_.jpg"
언터처블: 1%의 우정,2011,8.5,"Comedy, Drama","After he becomes a quadriplegic from a paragliding accident, an aristocrat hires a young man from the projects to be his caregiver.","https://m.media-amazon.com/images/M/MV5BMTYxNDA3MDQwNl5BMl5BanBnXkFtZTcwNTU4Mzc1Nw@@._V1_QL75_UX380_CR0,0,380,562_.jpg"
시네마 천국,1988,8.5,"Drama, Romance",A filmmaker recalls his childhood when falling in love with the pictures at the cinema of his home village and forms a deep friendship with the cinema's projectionist.,"https://m.media-amazon.com/images/M/MV5BM2FhYjEyYmYtMDI1Yy00YTdlLWI2NWQtYmEzNzAxOGY1NjY2XkEyXkFqcGdeQXVyNTA3NTIyNDg@._V1_QL75_UX380_CR0,0,380,562_.jpg"
모던 타임즈,1936,8.5,"Comedy, Drama, Romance",The Tramp struggles to live in modern industrial society with the help of a young homeless woman.,"https://m.media-amazon.com/images/M/MV5BM2VlMjY3N2UtN2ZjNC00MDg4LWI3ZGQtZmE4NjZkZjkwZmYzXkEyXkFqcGdeQXVyMTU3NDU4MDg2._V1_QL75_UX380_CR0,1,380,562_.jpg"
이창,1954,8.5,"Mystery, Thriller","A wheelchair-bound photographer spies on his neighbors from his Greenwich Village courtyard apartment window and, despite the skepticism of his fashion-model girlfriend, becomes convinced on... Read all","https://m.media-amazon.com/images/M/MV5BNGUxYWM3M2MtMGM3Mi00ZmRiLWE0NGQtZjE5ODI2OTJhNTU0XkEyXkFqcGdeQXVyMTQxNzMzNDI@._V1_QL75_UY562_CR2,0,380,562_.jpg"
원스 어폰 어 타임 인 더 웨스트,1968,8.5,"Drama, Western",A mysterious stranger with a harmonica joins forces with a notorious desperado to protect a beautiful widow from a ruthless assassin working for the railroad.,"https://m.media-amazon.com/images/M/MV5BODQ3NDExOGYtMzI3Mi00NWRlLTkwNjAtNjc4MDgzZGJiZTA1XkEyXkFqcGdeQXVyMjUzOTY1NTc@._V1_QL75_UX380_CR0,3,380,562_.jpg"
에이리언,1979,8.5,"Horror, Sci-Fi",The crew of a commercial spacecraft encounters a deadly lifeform after investigating a mysterious transmission of unknown origin.,"https://m.media-amazon.com/images/M/MV5BOGQzZTBjMjQtOTVmMS00NGE5LWEyYmMtOGQ1ZGZjNmRkYjFhXkEyXkFqcGdeQXVyMjUzOTY1NTc@._V1_QL75_UX380_CR0,6,380,562_.jpg"
City Lights,1931,8.5,"Comedy, Drama, Romance","With the aid of a wealthy erratic tippler, a dewy-eyed tramp who has fallen in love with a sightless flower girl accumulates money to be able to help her medically.","https://m.media-amazon.com/images/M/MV5BY2I4MmM1N2EtM2YzOS00OWUzLTkzYzctNDc5NDg2N2IyODJmXkEyXkFqcGdeQXVyNzkwMjQ5NzM@._V1_QL75_UX380_CR0,4,380,562_.jpg"
장고: 분노의 추적자,2012,8.5,"Comedy, Drama, Western","With the help of a German bounty-hunter, a freed slave sets out to rescue his wife from a brutal plantation owner in Mississippi.","https://m.media-amazon.com/images/M/MV5BMjIyNTQ5NjQ1OV5BMl5BanBnXkFtZTcwODg1MDU4OA@@._V1_QL75_UX380_CR0,0,380,562_.jpg"
지옥의 묵시록,1979,8.4,"Drama, Mystery, War",A U.S. Army officer serving in Vietnam is tasked with assassinating a renegade Special Forces Colonel who sees himself as a god.,"https://m.media-amazon.com/images/M/MV5BYmQyNTA1ZGItNjZjMi00NzFlLWEzMWEtNWMwN2Q2MjJhYzEyXkEyXkFqcGdeQXVyMjUzOTY1NTc@._V1_QL75_UX380_CR0,11,380,562_.jpg"
메멘토,2000,8.4,"Mystery, Thriller",A man with short-term memory loss attempts to track down his wife's murderer.,"https://m.media-amazon.com/images/M/MV5BNDZlNDE0YzctNGQxNC00N2QwLTg3ZjYtOTRlNzZkYzlmNTU0XkEyXkFqcGdeQXVyMTI5MzA0ODcy._V1_QL75_UY562_CR9,0,380,562_.jpg"
월-E,2008,8.4,"Animation, Adventure, Family","In the distant future, a small waste-collecting robot inadvertently embarks on a space journey that will ultimately decide the fate of mankind.","https://m.media-amazon.com/images/M/MV5BMjExMTg5OTU0NF5BMl5BanBnXkFtZTcwMjMxMzMzMw@@._V1_QL75_UX380_CR0,0,380,562_.jpg"
12th Fail,2023,8.9,"Biography, Drama",The real-life story of IPS Officer Manoj Kumar Sharma and IRS Officer Shraddha Joshi.,"https://m.media-amazon.com/images/M/MV5BZDI4OTM1ZjMtOWQxMC00OTY5LTg3NjQtMjlhMWVjODFlYTY4XkEyXkFqcGdeQXVyMTYzMTU3Njgx._V1_QL75_UY562_CR24,0,380,562_.jpg"
레이더스,1981,8.4,"Action, Adventure","In 1936, archaeologist and adventurer Indiana Jones is hired by the U.S. government to find the Ark of the Covenant before the Nazis can obtain its awesome powers.","https://m.media-amazon.com/images/M/MV5BNTU2ODkyY2MtMjU1NC00NjE1LWEzYjgtMWQ3MzRhMTE0NDc0XkEyXkFqcGdeQXVyMjM4MzQ4OTQ@._V1_QL75_UY562_CR1,0,380,562_.jpg"
타인의 삶,2006,8.4,"Drama, Mystery, Thriller","In 1984 East Berlin, an agent of the secret police conducting surveillance on a writer and his lover finds himself becoming increasingly absorbed by their lives.","https://m.media-amazon.com/images/M/MV5BMDc3ODgzYTgtMWE4ZS00NzQ3LTk0OWQtN2FkOTU3YmFjMzZmXkEyXkFqcGdeQXVyMTI5MzA0ODcy._V1_QL75_UY562_CR7,0,380,562_.jpg"
Sunset Blvd.,1950,8.4,"Drama, Film-Noir",A screenwriter develops a dangerous relationship with a faded film star determined to make a triumphant return.,"https://m.media-amazon.com/images/M/MV5BMTU0NTkyNzYwMF5BMl5BanBnXkFtZTgwMDU0NDk5MTI@._V1_QL75_UX380_CR0,5,380,562_.jpg"
어벤져스: 인피니티 워,2018,8.4,"Action, Adventure, Sci-Fi",The Avengers and their allies must be willing to sacrifice all in an attempt to defeat the powerful Thanos before his blitz of devastation and ruin puts an end to the universe.,"https://m.media-amazon.com/images/M/MV5BMjMxNjY2MDU1OV5BMl5BanBnXkFtZTgwNzY1MTUwNTM@._V1_QL75_UX380_CR0,0,380,562_.jpg"
Paths of Glory,1957,8.4,"Drama, War","After a failed attack on a German position, a general orders three soldiers, chosen at random, court-martialed for cowardice and their commanding officer must defend them.","https://m.media-amazon.com/images/M/MV5BOTI5Nzc0OTMtYzBkMS00NjkxLThmM2UtNjM2ODgxN2M5NjNkXkEyXkFqcGdeQXVyNjQ2MjQ5NzM@._V1_QL75_UX380_CR0,10,380,562_.jpg"
스파이더맨: 뉴 유니버스,2018,8.4,"Animation, Action, Adventure",Teen Miles Morales becomes the Spider-Man of his universe and must join with five spider-powered individuals from other dimensions to stop a threat for all realities.,"https://m.media-amazon.com/images/M/MV5BMjMwNDkxMTgzOF5BMl5BanBnXkFtZTgwNTkwNTQ3NjM@._V1_QL75_UX380_CR0,1,380,562_.jpg"
Witness for the Prosecution,1957,8.4,"Crime, Drama, Mystery",A veteran British barrister must defend his client in a murder trial that has surprise after surprise.,"https://m.media-amazon.com/images/M/MV5BNDQwODU5OWYtNDcyNi00MDQ1LThiOGMtZDkwNWJiM2Y3MDg0XkEyXkFqcGdeQXVyMDI2NDg0NQ@@._V1_QL75_UX380_CR0,10,380,562_.jpg"
샤이닝,1980,8.4,"Drama, Horror","A family heads to an isolated hotel for the winter where a sinister presence influences the father into violence, while his psychic son sees horrific forebodings from both past and future.","https://m.media-amazon.com/images/M/MV5BZWFlYmY2MGEtZjVkYS00YzU4LTg0YjQtYzY1ZGE3NTA5NGQxXkEyXkFqcGdeQXVyMTQxNzMzNDI@._V1_QL75_UX380_CR0,8,380,562_.jpg"
The Great Dictator,1940,8.4,"Comedy, Drama, War",Dictator Adenoid Hynkel tries to expand his empire while a poor Jewish barber tries to avoid persecution from Hynkel's regime.,"https://m.media-amazon.com/images/M/MV5BNjY0YzgxNGMtODI4ZS00NzJlLTgyMDEtMDRmZWRmODhkZDMwXkEyXkFqcGdeQXVyMTI5MzA0ODcy._V1_QL75_UY562_CR7,0,380,562_.jpg"
Aliens,1986,8.4,"Action, Adventure, Sci-Fi","Decades after surviving the Nostromo incident, Ellen Ripley is sent out to re-establish contact with a terraforming colony but finds herself battling the Alien Queen and her offspring.","https://m.media-amazon.com/images/M/MV5BOGJkY2EyOWYtYWRmNy00ZTEzLTllMDAtYzYzYjA0ZjFhZWJjXkEyXkFqcGdeQXVyMTUzMDUzNTI3._V1_QL75_UX380_CR0,6,380,562_.jpg"
바스터즈: 거친 녀석들,2009,8.4,"Adventure, Drama, War","In Nazi-occupied France during World War II, a plan to assassinate Nazi leaders by a group of Jewish U.S. soldiers coincides with a theatre owner's vengeful plans for the same.","https://m.media-amazon.com/images/M/MV5BZDhmZWVkNzQtOGY1OS00ZjE3LTkwZGYtZTM5ODdlZDU4MWI4XkEyXkFqcGdeQXVyMTI5MzA0ODcy._V1_QL75_UY562_CR7,0,380,562_.jpg"
Dakeu naiteu raijeu,2012,8.4,"Action, Drama, Thriller","Eight years after the Joker's reign of chaos, Batman is coerced out of exile with the assistance of the mysterious Selina Kyle in order to defend Gotham City from the vicious guerrilla terro... Read all","https://m.media-amazon.com/images/M/MV5BMTk4ODQzNDY3Ml5BMl5BanBnXkFtZTcwODA0NTM4Nw@@._V1_QL75_UX380_CR0,0,380,562_.jpg"
Dr. Strangelove or: How I Learned to Stop Worrying and Love the Bomb,1964,8.3,"Comedy, War","An unhinged American general orders a bombing attack on the Soviet Union, triggering a path to nuclear holocaust that a war room full of politicians and generals frantically tries to stop.","https://m.media-amazon.com/images/M/MV5BZWI3ZTMxNjctMjdlNS00NmUwLWFiM2YtZDUyY2I3N2MxYTE0XkEyXkFqcGdeQXVyNzkwMjQ5NzM@._V1_QL75_UX380_CR0,14,380,562_.jpg"
코코,2017,8.4,"Animation, Adventure, Drama","Aspiring musician Miguel, confronted with his family's ancestral ban on music, enters the Land of the Dead to find his great-great-grandfather, a legendary singer.","https://m.media-amazon.com/images/M/MV5BYjQ5NjM0Y2YtNjZkNC00ZDhkLWJjMWItN2QyNzFkMDE3ZjAxXkEyXkFqcGdeQXVyODIxMzk5NjA@._V1_QL75_UY562_CR7,0,380,562_.jpg"
Oldeuboi,2003,8.3,"Action, Drama, Mystery","After being kidnapped and imprisoned for fifteen years, Oh Dae-Su is released, only to find that he must track down his captor in five days.","https://m.media-amazon.com/images/M/MV5BMTI3NTQyMzU5M15BMl5BanBnXkFtZTcwMTM2MjgyMQ@@._V1_QL75_UX380_CR0,0,380,562_.jpg"
아메리칸 뷰티,1999,8.3,Drama,A sexually frustrated suburban father has a mid-life crisis after becoming infatuated with his daughter's best friend.,"https://m.media-amazon.com/images/M/MV5BNTBmZWJkNjctNDhiNC00MGE2LWEwOTctZTk5OGVhMWMyNmVhXkEyXkFqcGdeQXVyMTMxODk2OTU@._V1_QL75_UX380_CR0,0,380,562_.jpg"
아마데우스,1984,8.4,"Biography, Drama, Music","The life, success and troubles of Wolfgang Amadeus Mozart, as told by Antonio Salieri, the contemporaneous composer who was deeply jealous of Mozart's talent and claimed to have murdered him... Read all","https://m.media-amazon.com/images/M/MV5BNWJlNzUzNGMtYTAwMS00ZjI2LWFmNWQtODcxNWUxODA5YmU1XkEyXkFqcGdeQXVyNTIzOTk5ODM@._V1_QL75_UX380_CR0,15,380,562_.jpg"
Toy Story,1995,8.3,"Animation, Adventure, Comedy",A cowboy doll is profoundly threatened and jealous when a new spaceman action figure supplants him as top toy in a boy's bedroom.,"https://m.media-amazon.com/images/M/MV5BMDU2ZWJlMjktMTRhMy00ZTA5LWEzNDgtYmNmZTEwZTViZWJkXkEyXkFqcGdeQXVyNDQ2OTk4MzI@._V1_QL75_UX380_CR0,2,380,562_.jpg"
어벤져스: 엔드게임,2019,8.4,"Action, Adventure, Drama","After the devastating events of 어벤져스: 인피니티 워 (2018), the universe is in ruins. With the help of remaining allies, the Avengers assemble once more in order to reverse Thanos' actions and rest... Read all","https://m.media-amazon.com/images/M/MV5BMTc5MDE2ODcwNV5BMl5BanBnXkFtZTgwMzI2NzQ2NzM@._V1_QL75_UX380_CR0,0,380,562_.jpg"
The Boat,1981,8.4,"Drama, War",A German U-boat stalks the frigid waters of the North Atlantic as its young crew experience the sheer terror and claustrophobic life of a submariner in World War II.,"https://m.media-amazon.com/images/M/MV5BNDBjMWUxNTUtNjZiNi00YzJhLTgzNzUtMTRiY2FkZmMzYTNjXkEyXkFqcGdeQXVyMTUzMDUzNTI3._V1_QL75_UX380_CR0,7,380,562_.jpg"
Braveheart,1995,8.3,"Biography, Drama, War",Scottish warrior William Wallace leads his countrymen in a rebellion to free his homeland from the tyranny of King Edward I of England.,"https://m.media-amazon.com/images/M/MV5BMzkzMmU0YTYtOWM3My00YzBmLWI0YzctOGYyNTkwMWE5MTJkXkEyXkFqcGdeQXVyNzkwMjQ5NzM@._V1_QL75_UY562_CR1,0,380,562_.jpg"
굿 윌 헌팅,1997,8.3,"Drama, Romance","Will Hunting, a janitor at MIT, has a gift for mathematics, but needs help from a psychologist to find direction in his life.","https://m.media-amazon.com/images/M/MV5BOTI0MzcxMTYtZDVkMy00NjY1LTgyMTYtZmUxN2M3NmQ2NWJhXkEyXkFqcGdeQXVyMTQxNzMzNDI@._V1_QL75_UX380_CR0,9,380,562_.jpg"
Mononoke-hime,1997,8.3,"Animation, Action, Adventure","On a journey to find the cure for a Tatarigami's curse, Ashitaka finds himself in the middle of a war between the forest gods and Tatara, a mining colony. In this quest he also meets San, th... Read all","https://m.media-amazon.com/images/M/MV5BNjM3NGExNDctYmU0Yy00MTJjLThlNTItMjM4NDBjMGRiMmE5XkEyXkFqcGdeQXVyMTUzMDUzNTI3._V1_QL75_UX380_CR0,1,380,562_.jpg"
조커,2019,8.4,"Crime, Drama, Thriller","During the 1980s, a failed stand-up comedian is driven insane and turns to a life of crime and chaos in Gotham City while becoming an infamous psychopathic crime figure.","https://m.media-amazon.com/images/M/MV5BYjVjZTVkZTUtOGE4OS00ZDU0LWIzMWItZjlkMjkzODk2ZDYyXkEyXkFqcGdeQXVyMTI5MzA0ODcy._V1_QL75_UY562_CR3,0,380,562_.jpg"
Neoui Ileum-eun.,2016,8.4,"Animation, Drama, Fantasy","Two teenagers share a profound, magical connection upon discovering they are swapping bodies. Things manage to become even more complicated when the boy and girl decide to meet in person.","https://m.media-amazon.com/images/M/MV5BYTVlNThhY2YtNTc3Yy00ODhiLTgyODQtZjg3NDJiMzU2Y2Y1XkEyXkFqcGdeQXVyMTI5MzA0ODcy._V1_QL75_UY562_CR7,0,380,562_.jpg"
천국과 지옥,1963,8.4,"Crime, Drama, Mystery",An executive of a Yokohama shoe company becomes a victim of extortion when his chauffeur's son is kidnapped by mistake and held for ransom.,"https://m.media-amazon.com/images/M/MV5BZGQ1NWZlYjctNDJmOS00MmU2LTg1ODItNmZiM2ZkNzJhNDI0XkEyXkFqcGdeQXVyNjc1NTYyMjg@._V1_QL75_UY562_CR9,0,380,562_.jpg"
원스 어폰 어 타임 인 아메리카,1984,8.3,"Crime, Drama","A former Prohibition-era Jewish gangster returns to the Lower East Side of Manhattan 35 years later, where he must once again confront the ghosts and regrets of his old life.","https://m.media-amazon.com/images/M/MV5BOWEyNTBmNDYtMjY2Ny00Yjk5LWIwZjMtN2Q5NGQ1N2E0NzZiXkEyXkFqcGdeQXVyMTI5MzA0ODcy._V1_QL75_UY562_CR7,0,380,562_.jpg"
세 얼간이,2009,8.4,"Comedy, Drama","Two friends are searching for their long lost companion. They revisit their college days and recall the memories of their friend who inspired them to think differently, even as the rest of t... Read all","https://m.media-amazon.com/images/M/MV5BNTkyOGVjMGEtNmQzZi00NzFlLTlhOWQtODYyMDc2ZGJmYzFhXkEyXkFqcGdeQXVyNjU0OTQ0OTY@._V1_QL75_UY562_CR5,0,380,562_.jpg"
사랑은 비를 타고,1952,8.3,"Comedy, Musical, Romance",A silent film star falls for a chorus girl just as he and his delusionally jealous screen partner are trying to make the difficult transition to talking pictures in 1920s Hollywood.,"https://m.media-amazon.com/images/M/MV5BZDRjNGViMjQtOThlMi00MTA3LThkYzQtNzJkYjBkMGE0YzE1XkEyXkFqcGdeQXVyNDYyMDk5MTU@._V1_QL75_UY562_CR3,0,380,562_.jpg"
가버나움,2018,8.4,Drama,"While serving a five-year sentence for a violent crime, a 12-year-old boy sues his parents for neglect.","https://m.media-amazon.com/images/M/MV5BMmExNzU2ZWMtYzUwYi00YmM2LTkxZTQtNmVhNjY0NTMyMWI2XkEyXkFqcGdeQXVyMTMxODk2OTU@._V1_QL75_UY562_CR1,0,380,562_.jpg"
컴 앤 씨,1985,8.4,"Drama, Thriller, War","After finding an old rifle, a young boy joins the Soviet resistance movement against ruthless German forces and experiences the horrors of World War II.","https://m.media-amazon.com/images/M/MV5BODM4Njg0NTAtYjI5Ny00ZjAxLTkwNmItZTMxMWU5M2U3M2RjXkEyXkFqcGdeQXVyNzkwMjQ5NzM@._V1_QL75_UX380_CR0,10,380,562_.jpg"
레퀴엠,2000,8.3,Drama,The drug-induced utopias of four Coney Island people are shattered when their addictions run deep..,"https://m.media-amazon.com/images/M/MV5BOTdiNzJlOWUtNWMwNS00NmFlLWI0YTEtZmI3YjIzZWUyY2Y3XkEyXkFqcGdeQXVyNjU0OTQ0OTY@._V1_QL75_UX380_CR0,4,380,562_.jpg"
토이 스토리 3,2010,8.3,"Animation, Adventure, Comedy","The toys are mistakenly delivered to a day-care center instead of the attic right before Andy leaves for college, and it's up to Woody to convince the other toys that they weren't abandoned ... Read all","https://m.media-amazon.com/images/M/MV5BYzAwNjQyNzAtNGZiNS00MjRlLWFiYTYtNjFlNGFiNjI1ZDJhXkEyXkFqcGdeQXVyMzM4MjM0Nzg@._V1_QL75_UY562_CR6,0,380,562_.jpg"
Star Wars: Episode VI - Return of the Jedi,1983,8.3,"Action, Adventure, Fantasy","After rescuing Han Solo from Jabba the Hutt, the Rebel Alliance attempt to destroy the second Death Star, while Luke struggles to help Darth Vader back from the dark side.","https://m.media-amazon.com/images/M/MV5BOWZlMjFiYzgtMTUzNC00Y2IzLTk1NTMtZmNhMTczNTk0ODk1XkEyXkFqcGdeQXVyNTAyODkwOQ@@._V1_QL75_UX380_CR0,13,380,562_.jpg"
이터널 선샤인,2004,8.3,"Drama, Romance, Sci-Fi","When their relationship turns sour, a couple undergoes a medical procedure to have each other erased from their memories forever.","https://m.media-amazon.com/images/M/MV5BMTY4NzcwODg3Nl5BMl5BanBnXkFtZTcwNTEwOTMyMw@@._V1_QL75_UX380_CR0,0,380,562_.jpg"
더 헌트,2012,8.3,Drama,"A teacher lives a lonely life, all the while struggling over his son's custody. His life slowly gets better as he finds love and receives good news from his son, but his new luck is about to... Read all","https://m.media-amazon.com/images/M/MV5BMTg2NDg3ODg4NF5BMl5BanBnXkFtZTcwNzk3NTc3Nw@@._V1_QL75_UY562_CR7,0,380,562_.jpg"
2001: A Space Odyssey,1968,8.3,"Adventure, Sci-Fi","After uncovering a mysterious artifact buried beneath the Lunar surface, a spacecraft is sent to Jupiter to find its origins: a spacecraft manned by two men and the supercomputer HAL 9000.","https://m.media-amazon.com/images/M/MV5BMmNlYzRiNDctZWNhMi00MzI4LThkZTctMTUzMmZkMmFmNThmXkEyXkFqcGdeQXVyNzkwMjQ5NzM@._V1_QL75_UX380_CR0,0,380,562_.jpg"
저수지의 개들,1992,8.3,"Crime, Thriller","When a simple jewelry heist goes horribly wrong, the surviving criminals begin to suspect that one of them is a police informant.","https://m.media-amazon.com/images/M/MV5BZjBhODcwOWUtZjc5My00YjA0LTlkZjYtMWY0NTYwNDU1MDkyXkEyXkFqcGdeQXVyMTI5MzA0ODcy._V1_QL75_UX380_CR0,42,380,562_.jpg"
이키루,1952,8.3,Drama,A bureaucrat tries to find meaning in his life after he discovers he has terminal cancer.,"https://m.media-amazon.com/images/M/MV5BYWM1YmZkNTctZDAwNy00ZTY4LWFjMTktYzU4ZjViMmU1OTJmXkEyXkFqcGdeQXVyMTA0MTM5NjI2._V1_QL75_UX380_CR0,4,380,562_.jpg"
Oppenheimer,2023,8.3,"Biography, Drama, History",The story of American scientist J. Robert Oppenheimer and his role in the development of the atomic bomb.,"https://m.media-amazon.com/images/M/MV5BMDlhMTk0MTctNjJiMC00YTczLThlMDAtMzNhNzc5OWNkODFmXkEyXkFqcGdeQXVyMTU1MDczNjU1._V1_QL75_UX380_CR0,20,380,562_.jpg"
Lawrence of Arabia,1962,8.3,"Adventure, Biography, Drama","The story of T.E. Lawrence, the English officer who successfully united and led the diverse, often warring, Arab tribes during World War I in order to fight the Turks.","https://m.media-amazon.com/images/M/MV5BYWY5ZjhjNGYtZmI2Ny00ODM0LWFkNzgtZmI1YzA2N2MxMzA0XkEyXkFqcGdeQXVyNjUwNzk3NDc@._V1_QL75_UY562_CR5,0,380,562_.jpg"
The Apartment,1960,8.3,"Comedy, Drama, Romance","A Manhattan insurance clerk tries to rise in his company by letting its executives use his apartment for trysts, but office politics and his own romantic hopes complicate matters.","https://m.media-amazon.com/images/M/MV5BNzkwODFjNzItMmMwNi00MTU5LWE2MzktM2M4ZDczZGM1MmViXkEyXkFqcGdeQXVyNDY2MTk1ODk@._V1_QL75_UX380_CR0,19,380,562_.jpg"
그을린 사랑,2010,8.3,"Drama, Mystery, War",Twins journey to the Middle East to discover their family history and fulfill their mother's last wishes.,"https://m.media-amazon.com/images/M/MV5BMWE3MGYzZjktY2Q5Mi00Y2NiLWIyYWUtMmIyNzA3YmZlMGFhXkEyXkFqcGdeQXVyMTMxODk2OTU@._V1_QL75_UX380_CR0,4,380,562_.jpg"
Bugbugseolo Jinloleul Dollyeola,1959,8.3,"Action, Adventure, Mystery","A New York City advertising executive goes on the run after being mistaken for a government agent by a group of foreign spies, and falls for a woman whose loyalties he begins to doubt.","https://m.media-amazon.com/images/M/MV5BZDA3NDExMTUtMDlhOC00MmQ5LWExZGUtYmI1NGVlZWI4OWNiXkEyXkFqcGdeQXVyNjc1NTYyMjg@._V1_QL75_UX380_CR0,5,380,562_.jpg"
시민 케인,1941,8.3,"Drama, Mystery","Following the death of publishing tycoon Charles Foster Kane, reporters scramble to uncover the meaning of his final utterance: 'Rosebud.'","https://m.media-amazon.com/images/M/MV5BYjBiOTYxZWItMzdiZi00NjlkLWIzZTYtYmFhZjhiMTljOTdkXkEyXkFqcGdeQXVyNzkwMjQ5NzM@._V1_QL75_UX380_CR0,4,380,562_.jpg"
M - Eine Stadt sucht einen Mörder,1931,8.3,"Crime, Mystery, Thriller","When the police in a German city are unable to catch a child-murderer, other criminals join in the manhunt.","https://m.media-amazon.com/images/M/MV5BODA4ODk3OTEzMF5BMl5BanBnXkFtZTgwMTQ2ODMwMzE@._V1_QL75_UX380_CR0,4,380,562_.jpg"
스카페이스,1983,8.3,"Crime, Drama","In 1980 Miami, a determined Cuban immigrant takes over a drug cartel and succumbs to greed.","https://m.media-amazon.com/images/M/MV5BNjdjNGQ4NDEtNTEwYS00MTgxLTliYzQtYzE2ZDRiZjFhZmNlXkEyXkFqcGdeQXVyNjU0OTQ0OTY@._V1_QL75_UX380_CR0,4,380,562_.jpg"
Double Indemnity,1944,8.3,"Crime, Drama, Film-Noir","A Los Angeles insurance representative lets an alluring housewife seduce him into a scheme of insurance fraud and murder that arouses the suspicion of his colleague, an insurance investigato... Read all","https://m.media-amazon.com/images/M/MV5BOTdlNjgyZGUtOTczYi00MDdhLTljZmMtYTEwZmRiOWFkYjRhXkEyXkFqcGdeQXVyNDY2MTk1ODk@._V1_QL75_UX380_CR0,7,380,562_.jpg"
Hyeongijeung,1958,8.3,"Mystery, Romance, Thriller","A former San Francisco police detective juggles wrestling with his personal demons and becoming obsessed with the hauntingly beautiful woman he has been hired to trail, who may be deeply dis... Read all","https://m.media-amazon.com/images/M/MV5BYTE4ODEwZDUtNDFjOC00NjAxLWEzYTQtYTI1NGVmZmFlNjdiL2ltYWdlL2ltYWdlXkEyXkFqcGdeQXVyNjc1NTYyMjg@._V1_QL75_UX380_CR0,13,380,562_.jpg"
Metal jaket,1987,8.3,"Drama, War",A pragmatic U.S. Marine observes the dehumanizing effects the Vietnam War has on his fellow recruits from their brutal boot camp training to the bloody street fighting in Hue.,"https://m.media-amazon.com/images/M/MV5BNzkxODk0NjEtYjc4Mi00ZDI0LTgyYjEtYzc1NDkxY2YzYTgyXkEyXkFqcGdeQXVyNzkwMjQ5NzM@._V1_QL75_UX380_CR0,4,380,562_.jpg"
아멜리에,2001,8.3,"Comedy, Romance","Despite being caught in her imaginative world, Amelie, a young waitress, decides to help people find happiness. Her quest to spread joy leads her on a journey where she finds true love.","https://m.media-amazon.com/images/M/MV5BNDg4NjM1YjMtYmNhZC00MjM0LWFiZmYtNGY1YjA3MzZmODc5XkEyXkFqcGdeQXVyNDk3NzU2MTQ@._V1_QL75_UX380_CR0,4,380,562_.jpg"
히트,1995,8.3,"Action, Crime, Drama",A group of high-end professional thieves start to feel the heat from the LAPD when they unknowingly leave a verbal clue at their latest heist.,"https://m.media-amazon.com/images/M/MV5BMWRkNGY2NTctOWZkYi00YjVkLTk4NTAtYmNkYzg2OGUxYmEzXkEyXkFqcGdeQXVyMTQyMTMwOTk0._V1_QL75_UY562_CR8,0,380,562_.jpg"
업,2009,8.3,"Animation, Adventure, Comedy","78-year-old Carl Fredricksen travels to Paradise Falls in his house equipped with balloons, inadvertently taking a young stowaway.","https://m.media-amazon.com/images/M/MV5BYjBkM2RjMzItM2M3Ni00N2NjLWE3NzMtMGY4MzE4MDAzMTRiXkEyXkFqcGdeQXVyNDUzOTQ5MjY@._V1_QL75_UX380_CR0,1,380,562_.jpg"
시계태엽 오렌지,1971,8.3,"Crime, Sci-Fi","In the future, a sadistic gang leader is imprisoned and volunteers for a conduct-aversion experiment, but it doesn't go as planned.","https://m.media-amazon.com/images/M/MV5BMTY3MjM1Mzc4N15BMl5BanBnXkFtZTgwODM0NzAxMDE@._V1_QL75_UX380_CR0,0,380,562_.jpg"
To Kill a Mockingbird,1962,8.3,"Crime, Drama","Atticus Finch, a widowed lawyer in Depression-era Alabama, defends a Black man against an undeserved rape charge, and tries to educate his young children against prejudice.","https://m.media-amazon.com/images/M/MV5BNmVmYzcwNzMtMWM1NS00MWIyLThlMDEtYzUwZDgzODE1NmE2XkEyXkFqcGdeQXVyNzkwMjQ5NzM@._V1_QL75_UX380_CR0,9,380,562_.jpg"
Jodaeiye Nader az Simin,2011,8.3,Drama,A married couple are faced with a difficult decision - to improve the life of their child by moving to another country or to stay in Iran and look after a deteriorating parent who has Alzhei... Read all,"https://m.media-amazon.com/images/M/MV5BN2JmMjViMjMtZTM5Mi00ZGZkLTk5YzctZDg5MjFjZDE4NjNkXkEyXkFqcGdeQXVyMTMxODk2OTU@._V1_QL75_UX380_CR0,0,380,562_.jpg"
The Sting,1973,8.3,"Comedy, Crime, Drama",Two grifters team up to pull off the ultimate con.,"https://m.media-amazon.com/images/M/MV5BNGU3NjQ4YTMtZGJjOS00YTQ3LThmNmItMTI5MDE2ODI3NzY3XkEyXkFqcGdeQXVyMjUzOTY1NTc@._V1_QL75_UX380_CR0,10,380,562_.jpg"
Indiana Jones and the Last Crusade,1989,8.2,"Action, Adventure","In 1938, after his father goes missing while pursuing the Holy Grail, Indiana Jones finds himself up against the Nazis again to stop them from obtaining its powers.","https://m.media-amazon.com/images/M/MV5BY2Q0ODg4ZmItNDZiYi00ZWY5LTg2NzctNmYwZjA5OThmNzE1XkEyXkFqcGdeQXVyMjM4MzQ4OTQ@._V1_QL75_UX380_CR0,1,380,562_.jpg"
다이 하드,1988,8.2,"Action, Thriller",A New York City police officer tries to save his estranged wife and several others taken hostage by terrorists during a Christmas party at the Nakatomi Plaza in Los Angeles.,"https://m.media-amazon.com/images/M/MV5BZTBmZmUyYjYtZjY3OC00NjM0LTlhNDUtODc1NWQ0YjZmZWQ4XkEyXkFqcGdeQXVyMzM4MjM0Nzg@._V1_QL75_UY562_CR10,0,380,562_.jpg"
Like Stars on Earth,2007,8.3,"Drama, Family","An eight-year-old boy is thought to be a lazy trouble-maker, until the new art teacher has the patience and compassion to discover the real problem behind his struggles in school.","https://m.media-amazon.com/images/M/MV5BMjRjYWIyODMtY2I4My00ZTY0LWE2NzYtZWIzZGY5NzRhYmY1XkEyXkFqcGdeQXVyNjc5Mjg4Nzc@._V1_QL75_UX380_CR0,4,380,562_.jpg"
Metropolis,1927,8.3,"Drama, Sci-Fi","In a futuristic city sharply divided between the working class and the city planners, the son of the city's mastermind falls in love with a working-class prophet who predicts the coming of a... Read all","https://m.media-amazon.com/images/M/MV5BMTg5YWIyMWUtZDY5My00Zjc1LTljOTctYmI0MWRmY2M2NmRkXkEyXkFqcGdeQXVyMTMxODk2OTU@._V1_QL75_UY562_CR0,0,380,562_.jpg"
Snatch,2000,8.2,"Comedy, Crime","Unscrupulous boxing promoters, violent bookmakers, a Russian gangster, incompetent amateur robbers and supposedly Jewish jewelers fight to track down a priceless stolen diamond.","https://m.media-amazon.com/images/M/MV5BMTA2NDYxOGYtYjU1Mi00Y2QzLTgxMTQtMWI1MGI0ZGQ5MmU4XkEyXkFqcGdeQXVyNDk3NzU2MTQ@._V1_QL75_UY562_CR2,0,380,562_.jpg"
L.A. Confidential,1997,8.2,"Crime, Drama, Mystery","As corruption grows in 1950s Los Angeles, three policemen - one strait-laced, one brutal, and one sleazy - investigate a series of murders with their own brand of justice.","https://m.media-amazon.com/images/M/MV5BMDQ2YzEyZGItYWRhOS00MjBmLTkzMDUtMTdjYzkyMmQxZTJlXkEyXkFqcGdeQXVyNjU0OTQ0OTY@._V1_QL75_UY562_CR2,0,380,562_.jpg"
1917,2019,8.2,"Action, Drama, History","April 6th, 1917. As an infantry battalion assembles to wage war deep in enemy territory, two soldiers are assigned to race against time and deliver a message that will stop 1,600 men from wa... Read all","https://m.media-amazon.com/images/M/MV5BMGQ3NTNmNDQtYzZiYi00Zjc1LWFlYTktOGE0YjdlYzdkNzFmXkEyXkFqcGdeQXVyMTI5MzA0ODcy._V1_QL75_UY562_CR6,0,380,562_.jpg"
Hamilton,2020,8.3,"Biography, Drama, History","The real life of one of America's foremost founding fathers and first Secretary of the Treasury, Alexander Hamilton. Captured live on Broadway from the Richard Rodgers Theater with the origi... Read all","https://m.media-amazon.com/images/M/MV5BNjViNWRjYWEtZTI0NC00N2E3LTk0NGQtMjY4NTM3OGNkZjY0XkEyXkFqcGdeQXVyMjUxMTY3ODM@._V1_QL75_UX380_CR0,0,380,562_.jpg"
Bicycle Thieves,1948,8.3,Drama,"In post-war Italy, a working-class man's bicycle is stolen, endangering his efforts to find work. He and his son set out to find it.","https://m.media-amazon.com/images/M/MV5BNWEwYTIwZDEtNDIwZi00ZmY1LTg1OGYtZDE5NWI2OGRmNmQzXkEyXkFqcGdeQXVyNDUzOTQ5MjY@._V1_QL75_UY562_CR6,0,380,562_.jpg"
Taxi Driver,1976,8.2,"Crime, Drama","A mentally unstable veteran works as a nighttime taxi driver in New York City, where the perceived decadence and sleaze fuels his urge for violent action.","https://m.media-amazon.com/images/M/MV5BNGJlMDJiOTQtNDQ2YS00OTBkLTk0MTUtZTllY2FhYzg0OGU5XkEyXkFqcGdeQXVyODY0MTc5Mzg@._V1_QL75_UY562_CR54,0,380,562_.jpg"
Downfall,2004,8.2,"Biography, Drama, History","Traudl Junge, the final secretary for Adolf Hitler, tells of the Nazi dictator's final days in his Berlin bunker at the end of WWII.","https://m.media-amazon.com/images/M/MV5BMTU0NTU5NTAyMl5BMl5BanBnXkFtZTYwNzYwMDg2._V1_QL75_UY562_CR2,0,380,562_.jpg"
Dangal,2016,8.3,"Action, Biography, Drama",Former wrestler Mahavir Singh Phogat and his two wrestler daughters struggle towards glory at the Commonwealth Games in the face of societal oppression.,"https://m.media-amazon.com/images/M/MV5BMTQ4MzQzMzM2Nl5BMl5BanBnXkFtZTgwMTQ1NzU3MDI@._V1_QL75_UY562_CR11,0,380,562_.jpg"
For a Few Dollars More,1965,8.2,"Drama, Western","Two bounty hunters with the same intentions team up to track down a gang of outlaws led by a psychotic Mexican bandit, who is plotting an audacious bank robbery.","https://m.media-amazon.com/images/M/MV5BMzJlZTNkYjQtMTE1OS00YTJlLTgxNjItYzg4NTllODdkMzBiXkEyXkFqcGdeQXVyMjUzOTY1NTc@._V1_QL75_UX380_CR0,7,380,562_.jpg"
배트맨 비긴즈,2005,8.2,"Action, Crime, Drama","After witnessing his parents' death, Bruce learns the art of fighting to confront injustice. When he returns to Gotham as Batman, he must stop a secret society that intends to destroy the ci... Read all","https://m.media-amazon.com/images/M/MV5BOTY4YjI2N2MtYmFlMC00ZjcyLTg3YjEtMDQyM2ZjYzQ5YWFkXkEyXkFqcGdeQXVyMTQxNzMzNDI@._V1_QL75_UY562_CR0,0,380,562_.jpg"
더 울프 오브 월 스트리트,2013,8.2,"Biography, Comedy, Crime","Based on the true story of Jordan Belfort, from his rise to a wealthy stock-broker living the high life to his fall involving crime, corruption and the federal government.","https://m.media-amazon.com/images/M/MV5BZWU5NzA0NzQtNWZmNy00MDhmLWJlNzktY2E1YTU3YmI0MDE5XkEyXkFqcGdeQXVyNDIyNjA2MTk@._V1_QL75_UY562_CR3,0,380,562_.jpg"
Some Like It Hot,1959,8.2,"Comedy, Music, Romance","After two male musicians witness a mob hit, they flee the state in an all-female band disguised as women, but further complications set in.","https://m.media-amazon.com/images/M/MV5BNzAyOGIxYjAtMGY2NC00ZTgyLWIwMWEtYzY0OWQ4NDFjOTc5XkEyXkFqcGdeQXVyNjU0OTQ0OTY@._V1_QL75_UX380_CR0,13,380,562_.jpg"
그린 북,2018,8.2,"Biography, Comedy, Drama",A working-class Italian-American bouncer becomes the driver for an African-American classical pianist on a tour of venues through the 1960s American South.,"https://m.media-amazon.com/images/M/MV5BYzIzYmJlYTYtNGNiYy00N2EwLTk4ZjItMGYyZTJiOTVkM2RlXkEyXkFqcGdeQXVyODY1NDk1NjE@._V1_QL75_UX380_CR0,4,380,562_.jpg"
The Kid,1921,8.2,"Comedy, Drama, Family","The Tramp cares for an abandoned child, but events put their relationship in jeopardy.","https://m.media-amazon.com/images/M/MV5BZjhhMThhNDItNTY2MC00MmU1LTliNDEtNDdhZjdlNTY5ZDQ1XkEyXkFqcGdeQXVyNjc1NTYyMjg@._V1_QL75_UX380_CR0,5,380,562_.jpg"
더 파더,2020,8.2,"Drama, Mystery","A man refuses all assistance from his daughter as he ages. As he tries to make sense of his changing circumstances, he begins to doubt his loved ones, his own mind and even the fabric of his... Read all","https://m.media-amazon.com/images/M/MV5BZmViM2VhYjgtNTY2NS00NDhiLTgzY2MtNTRjZjU0Yzg5ZmE0XkEyXkFqcGdeQXVyMjY3NDMzMzU@._V1_QL75_UY562_CR6,0,380,562_.jpg"
뉘른베르크의 재판,1961,8.3,"Drama, War","In 1948, an American court in occupied Germany tries four Nazis judged for war crimes.","https://m.media-amazon.com/images/M/MV5BNDc2ODQ5NTE2MV5BMl5BanBnXkFtZTcwODExMjUyNA@@._V1_QL75_UX380_CR0,4,380,562_.jpg"
트루먼 쇼,1998,8.2,"Comedy, Drama",An insurance salesman discovers his whole life is actually a reality TV show.,"https://m.media-amazon.com/images/M/MV5BMDIzODcyY2EtMmY2MC00ZWVlLTgwMzAtMjQwOWUyNmJjNTYyXkEyXkFqcGdeQXVyNDk3NzU2MTQ@._V1_QL75_UX380_CR0,1,380,562_.jpg"
Eveeui Modeun Gut,1950,8.2,Drama,A seemingly timid but secretly ruthless ingénue insinuates herself into the lives of an aging Broadway star and her circle of theater friends.,"https://m.media-amazon.com/images/M/MV5BYmE1M2Y3NTYtYTI0Mi00N2JlLTkzMzItOTY1MTlhNWNkMDgzXkEyXkFqcGdeQXVyMTUzMDUzNTI3._V1_QL75_UX380_CR0,7,380,562_.jpg"
셔터 아일랜드,2010,8.2,"Drama, Mystery, Thriller","Teddy Daniels and Chuck Aule, two US marshals, are sent to an asylum on a remote island in order to investigate the disappearance of a patient, where Teddy uncovers a shocking truth about th... Read all","https://m.media-amazon.com/images/M/MV5BYzJkYjE5ZDAtMjY5Ni00MTk1LTk4MDUtM2ZiNDIxMzk3NmQ4XkEyXkFqcGdeQXVyMjY3NDMzMzU@._V1_QL75_UY562_CR6,0,380,562_.jpg"
탑건: 매버릭,2022,8.2,"Action, Drama","After thirty years, Maverick is still pushing the envelope as a top naval aviator, but must confront ghosts of his past when he leads TOP GUN's elite graduates on a mission that demands the ... Read all","https://m.media-amazon.com/images/M/MV5BNzdjMTlhMzgtZjljZS00NWNkLTgxNzAtOTIzOTNhYmJmNWZhXkEyXkFqcGdeQXVyMTQyMTMwOTk0._V1_QL75_UY562_CR6,0,380,562_.jpg"
데어 윌 비 블러드,2007,8.2,Drama,"A story of family, religion, hatred, oil and madness, focusing on a turn-of-the-century prospector in the early days of the business.","https://m.media-amazon.com/images/M/MV5BMjAxODQ4MDU5NV5BMl5BanBnXkFtZTcwMDU4MjU1MQ@@._V1_QL75_UX380_CR0,0,380,562_.jpg"
카지노,1995,8.2,"Crime, Drama","In Las Vegas, two best friends - a casino executive and a mafia enforcer - compete for a gambling empire and a fast-living, fast-loving socialite.","https://m.media-amazon.com/images/M/MV5BMTcxOWYzNDYtYmM4YS00N2NkLTk0NTAtNjg1ODgwZjAxYzI3XkEyXkFqcGdeQXVyNTA4NzY1MzY@._V1_QL75_UX380_CR0,4,380,562_.jpg"
Jyuragi gongwon,1993,8.2,"Action, Adventure, Sci-Fi",A pragmatic paleontologist touring an almost complete theme park on an island in Central America is tasked with protecting a couple of kids after a power failure causes the park's cloned din... Read all,"https://m.media-amazon.com/images/M/MV5BMjM2MDgxMDg0Nl5BMl5BanBnXkFtZTgwNTM2OTM5NDE@._V1_QL75_UX380_CR0,4,380,562_.jpg"
Ran,1985,8.2,"Action, Drama, War","In Medieval Japan, an elderly warlord retires, handing over his empire to his three sons. However, he vastly underestimates how the new-found power will corrupt them and cause them to turn o... Read all","https://m.media-amazon.com/images/M/MV5BZjg5ODcxYTgtZmRhYy00MmU4LWFhMjQtN2QwYzQwYzkyOGQ4XkEyXkFqcGdeQXVyMTQyMTMwOTk0._V1_QL75_UX380_CR0,1,380,562_.jpg"
식스 센스,1999,8.2,"Drama, Mystery, Thriller","Malcolm Crowe, a child psychologist, starts treating a young boy, Cole, who encounters dead people and convinces him to help them. In turn, Cole helps Malcolm reconcile with his estranged wi... Read all","https://m.media-amazon.com/images/M/MV5BMWM4NTFhYjctNzUyNi00NGMwLTk3NTYtMDIyNTZmMzRlYmQyXkEyXkFqcGdeQXVyMTAwMzUyOTc@._V1_QL75_UY562_CR0,0,380,562_.jpg"
판의 미로 - 오필리아와 세 개의 열쇠,2006,8.2,"Drama, Fantasy, War","In the Falangist Spain of 1944, the bookish young stepdaughter of a sadistic army officer escapes into an eerie but captivating fantasy world.","https://m.media-amazon.com/images/M/MV5BYzFjMThiMGItOWRlMC00MDI4LThmOGUtYTNlZGZiYWI1YjMyXkEyXkFqcGdeQXVyMjUzOTY1NTc@._V1_QL75_UX380_CR0,2,380,562_.jpg"
Unforgiven,1992,8.2,"Drama, Western","Retired Old West gunslinger William Munny reluctantly takes on one last job, with the help of his old partner Ned Logan and a young man, The ""Schofield Kid.""","https://m.media-amazon.com/images/M/MV5BODM3YWY4NmQtN2Y3Ni00OTg0LWFhZGQtZWE3ZWY4MTJlOWU4XkEyXkFqcGdeQXVyNjU0OTQ0OTY@._V1_QL75_UX380_CR0,4,380,562_.jpg"
노인을 위한 나라는 없다,2007,8.2,"Crime, Drama, Thriller",Violence and mayhem ensue after a hunter stumbles upon the aftermath of a drug deal gone wrong and over two million dollars in cash near the Rio Grande.,"https://m.media-amazon.com/images/M/MV5BMjA5Njk3MjM4OV5BMl5BanBnXkFtZTcwMTc5MTE1MQ@@._V1_QL75_UY562_CR1,0,380,562_.jpg"
A Beautiful Mind,2001,8.2,"Biography, Drama, Mystery","A mathematical genius, John Nash made an astonishing discovery early in his career and stood on the brink of international acclaim. But the handsome and arrogant Nash soon found himself on a... Read all","https://m.media-amazon.com/images/M/MV5BMzcwYWFkYzktZjAzNC00OGY1LWI4YTgtNzc5MzVjMDVmNjY0XkEyXkFqcGdeQXVyMTQxNzMzNDI@._V1_QL75_UX380_CR0,1,380,562_.jpg"
The Thing,1982,8.2,"Horror, Mystery, Sci-Fi",A research team in Antarctica is hunted by a shape-shifting alien that assumes the appearance of its victims.,"https://m.media-amazon.com/images/M/MV5BNGViZWZmM2EtNGYzZi00ZDAyLTk3ODMtNzIyZTBjN2Y1NmM1XkEyXkFqcGdeQXVyNTAyODkwOQ@@._V1_QL75_UX380_CR0,4,380,562_.jpg"
킬 빌,2003,8.2,"Action, Crime, Thriller","After awakening from a four-year coma, a former assassin wreaks vengeance on the team of assassins who betrayed her.","https://m.media-amazon.com/images/M/MV5BNzM3NDFhYTAtYmU5Mi00NGRmLTljYjgtMDkyODQ4MjNkMGY2XkEyXkFqcGdeQXVyNzkwMjQ5NzM@._V1_QL75_UX380_CR0,4,380,562_.jpg"
The Treasure of the Sierra Madre,1948,8.2,"Adventure, Drama, Western",Two down-on-their-luck Americans searching for work in 1920s Mexico convince an old prospector to help them mine for gold in the Sierra Madre Mountains.,"https://m.media-amazon.com/images/M/MV5BOTJlZWMxYzEtMjlkMS00ODE0LThlM2ItMDI3NGQ2YjhmMzkxXkEyXkFqcGdeQXVyMDI2NDg0NQ@@._V1_QL75_UX380_CR0,5,380,562_.jpg"
Yôjinbô,1961,8.2,"Action, Drama, Thriller",A crafty ronin comes to a town divided by two criminal gangs and decides to play them against each other to free the town.,"https://m.media-amazon.com/images/M/MV5BZThiZjAzZjgtNDU3MC00YThhLThjYWUtZGRkYjc2ZWZlOTVjXkEyXkFqcGdeQXVyNTA4NzY1MzY@._V1_QL75_UX380_CR0,4,380,562_.jpg"
Monty Python and the Holy Grail,1975,8.2,"Adventure, Comedy, Fantasy","King Arthur and his Knights of the Round Table embark on a surreal, low-budget search for the Holy Grail, encountering many, very silly obstacles.","https://m.media-amazon.com/images/M/MV5BN2IyNTE4YzUtZWU0Mi00MGIwLTgyMmQtMzQ4YzQxYWNlYWE2XkEyXkFqcGdeQXVyNjU0OTQ0OTY@._V1_QL75_UX380_CR0,4,380,562_.jpg"
The Great Escape,1963,8.2,"Adventure, Drama, Thriller",Allied prisoners of war plan for several hundred of their number to escape from a German camp during World War II.,"https://m.media-amazon.com/images/M/MV5BNzA2NmYxMWUtNzBlMC00MWM2LTkwNmQtYTFlZjQwODNhOWE0XkEyXkFqcGdeQXVyNTIzOTk5ODM@._V1_QL75_UX380_CR0,16,380,562_.jpg"
Finding Nemo,2003,8.2,"Animation, Adventure, Comedy","After his son is captured in the Great Barrier Reef and taken to Sydney, a timid clownfish sets out on a journey to bring him home.","https://m.media-amazon.com/images/M/MV5BYWE0MzUzNDctNTFiYS00YzY3LWEzYWMtMDQyMWE5OTMxOTBiXkEyXkFqcGdeQXVyNjAwNDUxODI@._V1_QL75_UY562_CR3,0,380,562_.jpg"
프리즈너스,2013,8.2,"Crime, Drama, Mystery","When Keller Dover's daughter and her friend go missing, he takes matters into his own hands as the police pursue multiple leads and the pressure mounts.","https://m.media-amazon.com/images/M/MV5BMTg0NTIzMjQ1NV5BMl5BanBnXkFtZTcwNDc3MzM5OQ@@._V1_QL75_UY562_CR0,0,380,562_.jpg"
Howlui umjikineun seong,2004,8.2,"Animation, Adventure, Family","When an unconfident young woman is cursed with an old body by a spiteful witch, her only chance of breaking the spell lies with a self-indulgent yet insecure young wizard and his companions ... Read all","https://m.media-amazon.com/images/M/MV5BMzI4MDI3MDMtZWMzMi00ZGM5LWE3YjItYjZlZWNiOTUyMTVjXkEyXkFqcGdeQXVyMzg2MzE2OTE@._V1_QL75_UY562_CR6,0,380,562_.jpg"
라쇼몽,1950,8.2,"Crime, Drama, Mystery","The rape of a bride and the murder of her samurai husband are recalled from the perspectives of a bandit, the bride, the samurai's ghost and a woodcutter.","https://m.media-amazon.com/images/M/MV5BMjEzMzA4NDE2OF5BMl5BanBnXkFtZTcwNTc5MDI2NQ@@._V1_QL75_UX380_CR0,1,380,562_.jpg"
The Elephant Man,1980,8.2,"Biography, Drama","A Victorian surgeon rescues a heavily disfigured man who is mistreated while scraping a living as a side-show freak. Behind his monstrous façade, there is revealed a person of kindness, inte... Read all","https://m.media-amazon.com/images/M/MV5BMDVjNjIwOGItNDE3Ny00OThjLWE0NzQtZTU3YjMzZTZjMzhkXkEyXkFqcGdeQXVyMTQxNzMzNDI@._V1_QL75_UX380_CR0,2,380,562_.jpg"
Dial M for Murder,1954,8.2,"Crime, Thriller",A former tennis star arranges the murder of his adulterous wife.,"https://m.media-amazon.com/images/M/MV5BOWIwODIxYWItZDI4MS00YzhhLWE3MmYtMzlhZDIwOTMzZmE5L2ltYWdlXkEyXkFqcGdeQXVyNjc1NTYyMjg@._V1_QL75_UX380_CR0,4,380,562_.jpg"
Chinatown,1974,8.1,"Drama, Mystery, Thriller","A private detective hired to expose an adulterer in 1930s Los Angeles finds himself caught up in a web of deceit, corruption, and murder.","https://m.media-amazon.com/images/M/MV5BMjJkMDZhYzItZTFhMi00ZGI4LThlNTAtZDNlYmEwNjFkNDYzXkEyXkFqcGdeQXVyMjUzOTY1NTc@._V1_QL75_UX380_CR0,7,380,562_.jpg"
바람과 함께 사라지다,1939,8.2,"Drama, Romance, War",A sheltered and manipulative Southern belle and a roguish profiteer face off in a turbulent romance as the society around them crumbles with the end of slavery and is rebuilt during the Civi... Read all,"https://m.media-amazon.com/images/M/MV5BYjUyZWZkM2UtMzYxYy00ZmQ3LWFmZTQtOGE2YjBkNjA3YWZlXkEyXkFqcGdeQXVyNzkwMjQ5NzM@._V1_QL75_UX380_CR0,10,380,562_.jpg"
"Lock, Stock and Two Smoking Barrels",1998,8.1,"Action, Comedy, Crime","Eddy persuades his three pals to pool money for a vital poker game against a powerful local mobster, Hatchet Harry. Eddy loses, after which Harry gives him a week to pay back 500,000 pounds.","https://m.media-amazon.com/images/M/MV5BMTAyN2JmZmEtNjAyMy00NzYwLThmY2MtYWQ3OGNhNjExMmM4XkEyXkFqcGdeQXVyNDk3NzU2MTQ@._V1_QL75_UX380_CR0,4,380,562_.jpg"
브이 포 벤데타,2005,8.2,"Action, Drama, Sci-Fi","In a future British dystopian society, a shadowy freedom fighter, known only by the alias of ""V"", plots to overthrow the tyrannical government - with the help of a young woman.","https://m.media-amazon.com/images/M/MV5BOTI5ODc3NzExNV5BMl5BanBnXkFtZTcwNzYxNzQzMw@@._V1_QL75_UX380_CR0,0,380,562_.jpg"
El Sikeuleto: Bimil-ui Nundongja,2009,8.2,"Drama, Mystery, Romance",A retired legal counselor writes a novel hoping to find closure for one of his past unresolved homicide cases and for his unreciprocated love with his superior - both of which still haunt hi... Read all,"https://m.media-amazon.com/images/M/MV5BMTgwNTI3OTczOV5BMl5BanBnXkFtZTcwMTM3MTUyMw@@._V1_QL75_UY562_CR0,0,380,562_.jpg"
인사이드 아웃,2015,8.1,"Animation, Adventure, Comedy","After young Riley is uprooted from her Midwest life and moved to San Francisco, her emotions - Joy, Fear, Anger, Disgust and Sadness - conflict on how best to navigate a new city, house, and... Read all","https://m.media-amazon.com/images/M/MV5BOTgxMDQwMDk0OF5BMl5BanBnXkFtZTgwNjU5OTg2NDE@._V1_QL75_UX380_CR0,0,380,562_.jpg"
Raging Bull,1980,8.1,"Biography, Drama, Sport","The life of boxer Jake LaMotta, whose violence and temper that led him to the top in the ring destroyed his life outside of it.","https://m.media-amazon.com/images/M/MV5BYjRmODkzNDItMTNhNi00YjJlLTg0ZjAtODlhZTM0YzgzYThlXkEyXkFqcGdeQXVyNzQ1ODk3MTQ@._V1_QL75_UY562_CR1,0,380,562_.jpg"
쓰리 빌보드,2017,8.1,"Comedy, Crime, Drama",A mother personally challenges the local authorities to solve her daughter's murder when they fail to catch the culprit.,"https://m.media-amazon.com/images/M/MV5BMjI0ODcxNzM1N15BMl5BanBnXkFtZTgwMzIwMTEwNDI@._V1_QL75_UX380_CR0,0,380,562_.jpg"
Trainspotting,1996,8.1,Drama,"Renton, deeply immersed in the Edinburgh drug scene, tries to clean up and get out despite the allure of drugs and the influence of friends.","https://m.media-amazon.com/images/M/MV5BMzA5Zjc3ZTMtMmU5YS00YTMwLWI4MWUtYTU0YTVmNjVmODZhXkEyXkFqcGdeQXVyNjU0OTQ0OTY@._V1_QL75_UX380_CR0,0,380,562_.jpg"
The Bridge on the River Kwai,1957,8.1,"Adventure, Drama, War","British POWs are forced to build a railway bridge across the river Kwai for their Japanese captors in occupied Burma, not knowing that the allied forces are planning a daring commando raid t... Read all","https://m.media-amazon.com/images/M/MV5BOGY5NmNlMmQtYzRlYy00NGQ5LWFkYjYtNzExZmQyMTg0ZDA0XkEyXkFqcGdeQXVyNDIzMzcwNjc@._V1_QL75_UX380_CR0,13,380,562_.jpg"
클라우스,2019,8.2,"Animation, Adventure, Comedy","A simple act of kindness always sparks another, even in a frozen, faraway place. When Smeerensburg's new postman, Jesper, befriends toymaker Klaus, their gifts melt an age-old feud and deliv... Read all","https://m.media-amazon.com/images/M/MV5BMWYwOThjM2ItZGYxNy00NTQwLWFlZWEtM2MzM2Q5MmY3NDU5XkEyXkFqcGdeQXVyMTkxNjUyNQ@@._V1_QL75_UX380_CR0,0,380,562_.jpg"
파고,1996,8.1,"Crime, Thriller",Minnesota car salesman Jerry Lundegaard's inept crime falls apart due to his and his henchmen's bungling and the persistent police work of the quite pregnant Marge Gunderson.,"https://m.media-amazon.com/images/M/MV5BNDJiZDgyZjctYmRjMS00ZjdkLTkwMTEtNGU1NDg3NDQ0Yzk1XkEyXkFqcGdeQXVyNzkwMjQ5NzM@._V1_QL75_UY562_CR1,0,380,562_.jpg"
캐치 미 이프 유 캔,2002,8.1,"Biography, Crime, Drama","Barely 17 yet, Frank is a skilled forger who has passed as a doctor, lawyer and pilot. FBI agent Carl becomes obsessed with tracking down the con man, who only revels in the pursuit.","https://m.media-amazon.com/images/M/MV5BMTY5MzYzNjc5NV5BMl5BanBnXkFtZTYwNTUyNTc2._V1_QL75_UX380_CR0,0,380,562_.jpg"
스파이더맨: 노 웨이 홈,2021,8.2,"Action, Adventure, Fantasy","With Spider-Man's identity now revealed, Peter asks Doctor Strange for help. When a spell goes wrong, dangerous foes from other worlds start to appear, forcing Peter to discover what it trul... Read all","https://m.media-amazon.com/images/M/MV5BZWMyYzFjYTYtNTRjYi00OGExLWE2YzgtOGRmYjAxZTU3NzBiXkEyXkFqcGdeQXVyMzQ0MzA0NTM@._V1_QL75_UX380_CR0,0,380,562_.jpg"
Warrior,2011,8.1,"Action, Drama, Sport","The youngest son of an alcoholic former boxer returns home, where he's trained by his father for competition in a mixed martial arts tournament - a path that puts the fighter on a collision ... Read all","https://m.media-amazon.com/images/M/MV5BMTk4ODk5MTMyNV5BMl5BanBnXkFtZTcwMDMyNTg0Ng@@._V1_QL75_UX380_CR0,12,380,562_.jpg"
그랜 토리노,2008,8.1,Drama,"After a Hmong teenager tries to steal his prized 1972 Gran Torino, a disgruntled, prejudiced Korean War veteran seeks to redeem both the boy and himself.","https://m.media-amazon.com/images/M/MV5BMTc5NTk2OTU1Nl5BMl5BanBnXkFtZTcwMDc3NjAwMg@@._V1_QL75_UY562_CR0,0,380,562_.jpg"
Haeri Poteowa jugeumui seongmul - 2bu,2011,8.1,"Adventure, Family, Fantasy","Harry, Ron, and Hermione search for Voldemort's remaining Horcruxes in their effort to destroy the Dark Lord as the final battle rages on at Hogwarts.","https://m.media-amazon.com/images/M/MV5BMGVmMWNiMDktYjQ0Mi00MWIxLTk0N2UtN2ZlYTdkN2IzNDNlXkEyXkFqcGdeQXVyODE5NzE3OTE@._V1_QL75_UX380_CR0,4,380,562_.jpg"
밀리언 달러 베이비,2004,8.1,"Drama, Sport","Frankie, an ill-tempered old coach, reluctantly agrees to train aspiring boxer Maggie. Impressed with her determination and talent, he helps her become the best and the two soon form a close... Read all","https://m.media-amazon.com/images/M/MV5BMTkxNzA1NDQxOV5BMl5BanBnXkFtZTcwNTkyMTIzMw@@._V1_QL75_UY562_CR1,0,380,562_.jpg"
Tonari no Totoro,1988,8.1,"Animation, Comedy, Family","When two girls move to the country to be near their ailing mother, they have adventures with the wondrous forest spirits who live nearby.","https://m.media-amazon.com/images/M/MV5BZmUxNWFmMzctNDFiMC00Zjc2LWJlYjgtNmRmNTM1ZjgyNDk3XkEyXkFqcGdeQXVyMzM4MjM0Nzg@._V1_QL75_UY562_CR7,0,380,562_.jpg"
Children of Heaven,1997,8.2,"Drama, Family, Sport","After a boy loses his sister's pair of shoes, he goes on a series of adventures in order to find them. When he can't, he tries a new way to ""win"" a new pair.","https://m.media-amazon.com/images/M/MV5BZTYwZWQ4ZTQtZWU0MS00N2YwLWEzMDItZWFkZWY0MWVjODVhXkEyXkFqcGdeQXVyNjU0OTQ0OTY@._V1_QL75_UX380_CR0,11,380,562_.jpg"
12 Years a Slave,2013,8.1,"Biography, Drama, History","In the antebellum United States, Solomon Northup, a free Black man from upstate New York, is abducted and sold into slavery.","https://m.media-amazon.com/images/M/MV5BMzg4YjM1ZWMtOTNkNC00M2QwLThkNzAtOTdhYTEzMDg5ZmRlXkEyXkFqcGdeQXVyMTI5MzA0ODcy._V1_QL75_UY562_CR7,0,380,562_.jpg"
Ben-Hur,1959,8.1,"Adventure, Drama","After a Jewish prince is betrayed and sent into slavery by a Roman friend in 1st-century Jerusalem, he regains his freedom and comes back for revenge.","https://m.media-amazon.com/images/M/MV5BYzNiNDc0OTYtYWJhZC00NGM1LWIzYjItNDA4NzA5YzBjMTBhXkEyXkFqcGdeQXVyNzI1NzMxNzM@._V1_QL75_UY562_CR21,0,380,562_.jpg"
블레이드 러너,1982,8.1,"Action, Drama, Sci-Fi",A blade runner must pursue and terminate four replicants who stole a ship in space and have returned to Earth to find their creator.,"https://m.media-amazon.com/images/M/MV5BNzQzMzJhZTEtOWM4NS00MTdhLTg0YjgtMjM4MDRkZjUwZDBlXkEyXkFqcGdeQXVyNjU0OTQ0OTY@._V1_QL75_UX380_CR0,2,380,562_.jpg"
비포 선라이즈,1995,8.1,"Drama, Romance","A young man and woman meet on a train in Europe, and wind up spending one evening together in Vienna. Unfortunately, both know that this will probably be their only night together.","https://m.media-amazon.com/images/M/MV5BZDdiZTAwYzAtMDI3Ni00OTRjLTkzN2UtMGE3MDMyZmU4NTU4XkEyXkFqcGdeQXVyNjU0OTQ0OTY@._V1_QL75_UX380_CR0,1,380,562_.jpg"
The Grand Budapest Hotel,2014,8.1,"Adventure, Comedy, Crime","A writer encounters the owner of an aging high-class hotel, who tells him of his early years serving as a lobby boy in the hotel's glorious years under an exceptional concierge.","https://m.media-amazon.com/images/M/MV5BMzM5NjUxOTEyMl5BMl5BanBnXkFtZTgwNjEyMDM0MDE@._V1_QL75_UX380_CR0,0,380,562_.jpg"
Barry Lyndon,1975,8.1,"Adventure, Drama, War",An Irish rogue wins the heart of a rich widow and assumes her dead husband's aristocratic position in 18th-century England.,"https://m.media-amazon.com/images/M/MV5BNmY0MWY2NDctZDdmMi00MjA1LTk0ZTQtZDMyZTQ1NTNlYzVjXkEyXkFqcGdeQXVyMjUzOTY1NTc@._V1_QL75_UX380_CR0,8,380,562_.jpg"
매드맥스: 분노의 도로,2015,8.1,"Action, Adventure, Sci-Fi","In a post-apocalyptic wasteland, a woman rebels against a tyrannical ruler in search for her homeland with the aid of a group of female prisoners, a psychotic worshipper and a drifter named ... Read all","https://m.media-amazon.com/images/M/MV5BYTM4ZWRkOGItZGRlOS00ODhkLThjYTQtMTdlN2Y1YmNjNTQ3XkEyXkFqcGdeQXVyNzI1NzMxNzM@._V1_QL75_UY562_CR7,0,380,562_.jpg"
Gone Girl,2014,8.1,"Drama, Mystery, Thriller","With his wife's disappearance having become the focus of an intense media circus, a man sees the spotlight turned on him when it's suspected that he may not be innocent.","https://m.media-amazon.com/images/M/MV5BMTk0MDQ3MzAzOV5BMl5BanBnXkFtZTgwNzU1NzE3MjE@._V1_QL75_UY562_CR1,0,380,562_.jpg"
핵소 고지,2016,8.1,"Biography, Drama, History","World War II American Army Medic Desmond T. Doss, serving during the Battle of Okinawa, refuses to kill people and becomes the first man in American history to receive the Medal of Honor wit... Read all","https://m.media-amazon.com/images/M/MV5BMjQ1NjM3MTUxNV5BMl5BanBnXkFtZTgwMDc5MTY5OTE@._V1_QL75_UX380_CR0,12,380,562_.jpg"
The Gold Rush,1925,8.1,"Adventure, Comedy, Drama","A prospector goes to the Klondike during the 1890s gold rush in hopes of making his fortune, and is smitten with a girl he sees in a dance hall.","https://m.media-amazon.com/images/M/MV5BMDA3NmE2OTYtZWQ1Zi00OGI2LTk5NjctNThhNGJjYTI1NzRlXkEyXkFqcGdeQXVyNjc5NjEzNA@@._V1_QL75_UX380_CR0,0,380,562_.jpg"
죽은 시인의 사회,1989,8.1,"Comedy, Drama","Maverick teacher John Keating returns in 1959 to the prestigious New England boys' boarding school where he was once a star student, using poetry to embolden his pupils to new heights of sel... Read all","https://m.media-amazon.com/images/M/MV5BOGYwYWNjMzgtNGU4ZC00NWQ2LWEwZjUtMzE1Zjc3NjY3YTU1XkEyXkFqcGdeQXVyMTQxNzMzNDI@._V1_QL75_UY562_CR1,0,380,562_.jpg"
In the Name of the Father,1993,8.1,"Biography, Crime, Drama","An Irish man's coerced confession to an I.R.A. bombing he did not commit results in the imprisonment of his father as well. Meanwhile, a British lawyer fights to clear their names and free t... Read all","https://m.media-amazon.com/images/M/MV5BMmYyOTgwYWItYmU3Ny00M2E2LTk0NWMtMDVlNmQ0MWZiMTMxXkEyXkFqcGdeQXVyNzkwMjQ5NzM@._V1_QL75_UX380_CR0,2,380,562_.jpg"
Salinui chueok,2003,8.1,"Crime, Drama, Mystery","In a small Korean province in 1986, two detectives struggle with the case of multiple young women being found raped and murdered by an unknown culprit.","https://m.media-amazon.com/images/M/MV5BN2NlMmIwZjctZGY2Zi00MTNjLWIzNmUtOGQ5ZGYyZTQ0YmY3XkEyXkFqcGdeQXVyMTQxNzMzNDI@._V1_QL75_UY562_CR6,0,380,562_.jpg"
Waildeu Teiljeu: Cham-eul Su Eobsneun Sungan,2014,8.1,"Comedy, Drama, Thriller",Six short stories that explore the extremities of human behavior involving people in distress.,"https://m.media-amazon.com/images/M/MV5BODU3ZDk4ZmQtMTg4NS00NzU3LTg0Y2EtMzcxOTg2NTk1MDJlXkEyXkFqcGdeQXVyMjgyNjk3MzE@._V1_QL75_UY562_CR6,0,380,562_.jpg"
The Deer Hunter,1978,8.1,"Drama, War",An in-depth examination of the ways in which the Vietnam War impacts and disrupts the lives of several friends in a small steel mill town in Pennsylvania.,"https://m.media-amazon.com/images/M/MV5BNDhmNTA0ZDMtYjhkNS00NzEzLWIzYTItOGNkMTVmYjE2YmI3XkEyXkFqcGdeQXVyNzkwMjQ5NzM@._V1_QL75_UY562_CR1,0,380,562_.jpg"
"Monsters, Inc.",2001,8.1,"Animation, Adventure, Comedy","In order to power the city, monsters have to scare children so that they scream. However, the children are toxic to the monsters, and after a child gets through, two monsters realize things ... Read all","https://m.media-amazon.com/images/M/MV5BMTY1NTI0ODUyOF5BMl5BanBnXkFtZTgwNTEyNjQ0MDE@._V1_QL75_UX380_CR0,0,380,562_.jpg"
The General,1926,8.1,"Action, Adventure, Comedy","After being rejected by the Confederate military, not realizing it was due to his crucial civilian role, an engineer must single-handedly recapture his beloved locomotive after it is seized ... Read all","https://m.media-amazon.com/images/M/MV5BYmRiMDFlYjYtOTMwYy00OGY2LWE0Y2QtYzQxOGNhZmUwNTIxXkEyXkFqcGdeQXVyNzkwMjQ5NzM@._V1_QL75_UX380_CR0,1,380,562_.jpg"
On the Waterfront,1954,8.1,"Crime, Drama, Thriller","An ex-prize fighter turned New Jersey longshoreman struggles to stand up to his corrupt union bosses, including his older brother, as he starts to connect with the grieving sister of one of ... Read all","https://m.media-amazon.com/images/M/MV5BY2I0MWFiZDMtNWQyYy00Njk5LTk3MDktZjZjNTNmZmVkYjkxXkEyXkFqcGdeQXVyNjc1NTYyMjg@._V1_QL75_UX380_CR0,6,380,562_.jpg"
Sherlock Jr.,1924,8.2,"Action, Comedy, Romance","A film projectionist longs to be a detective, and puts his meagre skills to work when he is framed by a rival for stealing his girlfriend's father's pocketwatch.","https://m.media-amazon.com/images/M/MV5BZWFhOGU5NDctY2Q3YS00Y2VlLWI1NzEtZmIwY2ZiZjY4OTA2XkEyXkFqcGdeQXVyMDI2NDg0NQ@@._V1_QL75_UX380_CR0,18,380,562_.jpg"
드래곤 길들이기,2010,8.1,"Animation, Action, Adventure","A hapless young Viking who aspires to hunt dragons becomes the unlikely friend of a young dragon himself, and learns there may be more to the creatures than he assumed.","https://m.media-amazon.com/images/M/MV5BNjA1NzUyMDktNmRlYi00ZjQ1LWJiNWMtMTI0YTI0ZWViNjkwXkEyXkFqcGdeQXVyMTI5MzA0ODcy._V1_QL75_UY562_CR6,0,380,562_.jpg"
죠스,1975,8.1,"Adventure, Mystery, Thriller","When a killer shark unleashes chaos on a beach community off Cape Cod, it's up to a local sheriff, a marine biologist, and an old seafarer to hunt the beast down.","https://m.media-amazon.com/images/M/MV5BMmVmODY1MzEtYTMwZC00MzNhLWFkNDMtZjAwM2EwODUxZTA5XkEyXkFqcGdeQXVyNTAyODkwOQ@@._V1_QL75_UX380_CR0,10,380,562_.jpg"
The Third Man,1949,8.1,"Film-Noir, Mystery, Thriller","Pulp novelist Holly Martins travels to shadowy, postwar Vienna, only to find himself investigating the mysterious death of an old friend, Harry Lime.","https://m.media-amazon.com/images/M/MV5BYjE2OTdhMWUtOGJlMy00ZDViLWIzZjgtYjZkZGZmMDZjYmEyXkEyXkFqcGdeQXVyNzkwMjQ5NzM@._V1_QL75_UX380_CR0,4,380,562_.jpg"
Le salaire de la peur,1953,8.1,"Adventure, Drama, Thriller","In a decrepit South American village, four men are hired to transport an urgent nitroglycerine shipment without the equipment that would make it safe.","https://m.media-amazon.com/images/M/MV5BZDdkNzMwZmUtY2Q5MS00ZmM2LWJhYjItYTBjMWY0MGM4MDRjXkEyXkFqcGdeQXVyNTA4NzY1MzY@._V1_QL75_UY562_CR4,0,380,562_.jpg"
Mary and Max,2009,8.1,"Animation, Comedy, Drama","In 1976 Melbourne, a lonely 8-year-old girl strikes up a correspondence with an unlikely pen pal: a severely obese 44-year-old New Yorker with Asperger's syndrome.","https://m.media-amazon.com/images/M/MV5BMDgzYjQwMDMtNGUzYi00MTRmLWIyMGMtNjE1OGZkNzY2YWIzL2ltYWdlXkEyXkFqcGdeQXVyNjU0OTQ0OTY@._V1_QL75_UY562_CR8,0,380,562_.jpg"
Smultronstället,1957,8.1,"Drama, Romance","After living a life marked by coldness, an aging professor is forced to confront the emptiness of his existence.","https://m.media-amazon.com/images/M/MV5BYWQxYzdhMDMtNjAyZC00NzE0LWFjYmQtYjk0YzMyYjA5NzZkXkEyXkFqcGdeQXVyMjUzOTY1NTc@._V1_QL75_UX380_CR0,8,380,562_.jpg"
라따뚜이,2007,8.1,"Animation, Adventure, Comedy",A rat who can cook makes an unusual alliance with a young kitchen worker at a famous Paris restaurant.,"https://m.media-amazon.com/images/M/MV5BMTMzODU0NTkxMF5BMl5BanBnXkFtZTcwMjQ4MzMzMw@@._V1_QL75_UX380_CR0,0,380,562_.jpg"
Mr. Smith Goes to Washington,1939,8.1,"Comedy, Drama","A naive youth leader is appointed to fill a vacancy in the U.S. Senate. His idealistic plans promptly collide with corruption at home and subterfuge from his hero in Washington, but he tries... Read all","https://m.media-amazon.com/images/M/MV5BZTYwYjYxYzgtMDE1Ni00NzU4LWJlMTEtODQ5YmJmMGJhZjI5L2ltYWdlXkEyXkFqcGdeQXVyMDI2NDg0NQ@@._V1_QL75_UX380_CR0,6,380,562_.jpg"
Ford v Ferrari,2019,8.1,"Action, Biography, Drama",American car designer Carroll Shelby and driver Ken Miles battle corporate interference and the laws of physics to build a revolutionary race car for Ford in order to defeat Ferrari at the 2... Read all,"https://m.media-amazon.com/images/M/MV5BM2UwMDVmMDItM2I2Yi00NGZmLTk4ZTUtY2JjNTQ3OGQ5ZjM2XkEyXkFqcGdeQXVyMTA1OTYzOTUx._V1_QL75_UY562_CR0,0,380,562_.jpg"
동경 이야기,1953,8.1,Drama,"An old couple visit their children and grandchildren in the city, but receive little attention.","https://m.media-amazon.com/images/M/MV5BNmQ1OWUyMjktODZkZS00YjAwLWFhMGYtYzYyODFiZjFlNTg3XkEyXkFqcGdeQXVyNzI1NzMxNzM@._V1_QL75_UY562_CR7,0,380,562_.jpg"
위대한 레보스키,1998,8.1,"Comedy, Crime","Jeff ""The Dude"" Lebowski, mistaken for a millionaire of the same name, seeks restitution for his ruined rug and enlists his bowling buddies to help get it.","https://m.media-amazon.com/images/M/MV5BMzliZDk0NjctNjhlOC00MWEyLWI3OWYtNjA5ZDYxMTMzNTc5XkEyXkFqcGdeQXVyNTAyODkwOQ@@._V1_QL75_UY562_CR1,0,380,562_.jpg"
The Seventh Seal,1957,8.1,"Drama, Fantasy","A knight returning to Sweden after the Crusades seeks answers about life, death, and the existence of God as he plays chess against the Grim Reaper during the Black Plague.","https://m.media-amazon.com/images/M/MV5BOWM3MmE0OGYtOGVlNC00OWE1LTk5ZTAtYmUwMDIwM2ZlNWJiXkEyXkFqcGdeQXVyMjUzOTY1NTc@._V1_QL75_UY562_CR3,0,380,562_.jpg"
Room,2015,8.1,"Drama, Thriller","A little boy is held captive in a room with his mother since his birth, so he has never known the world outside.","https://m.media-amazon.com/images/M/MV5BMjE4NzgzNzEwMl5BMl5BanBnXkFtZTgwMTMzMDE0NjE@._V1_QL75_UX380_CR0,0,380,562_.jpg"
록키,1976,8.1,"Drama, Sport",A small-time Philadelphia boxer gets a supremely rare chance to fight the world heavyweight champion in a bout in which he strives to go the distance for his self-respect.,"https://m.media-amazon.com/images/M/MV5BNTBkMjg2MjYtYTZjOS00ODQ0LTg0MDEtM2FiNmJmOGU1NGEwXkEyXkFqcGdeQXVyMjUzOTY1NTc@._V1_QL75_UX380_CR0,8,380,562_.jpg"
로건,2017,8.1,"Action, Drama, Sci-Fi","In a future where mutants are nearly extinct, an elderly and weary Logan leads a quiet life. But when Laura, a mutant child pursued by scientists, comes to him for help, he must get her to s... Read all","https://m.media-amazon.com/images/M/MV5BYzc5MTU4N2EtYTkyMi00NjdhLTg3NWEtMTY4OTEyMzJhZTAzXkEyXkFqcGdeQXVyNjc1NTYyMjg@._V1_QL75_UX380_CR0,4,380,562_.jpg"
스포트라이트,2015,8.1,"Biography, Crime, Drama","The true story of how the Boston Globe uncovered the massive scandal of child molestation and cover-up within the local Catholic Archdiocese, shaking the entire Catholic Church to its core.","https://m.media-amazon.com/images/M/MV5BMjIyOTM5OTIzNV5BMl5BanBnXkFtZTgwMDkzODE2NjE@._V1_QL75_UY562_CR0,0,380,562_.jpg"
Hotel Rwanda,2004,8.1,"Biography, Drama, History","Paul Rusesabagina, a hotel manager, houses over a thousand Tutsi refugees during their struggle against the Hutu militia in Rwanda, Africa.","https://m.media-amazon.com/images/M/MV5BZGJjYmIzZmQtNWE4Yy00ZGVmLWJkZGEtMzUzNmQ4ZWFlMjRhXkEyXkFqcGdeQXVyMTMxODk2OTU@._V1_QL75_UY562_CR1,0,380,562_.jpg"
터미네이터,1984,8.1,"Action, Adventure, Sci-Fi","A human soldier is sent from 2029 to 1984 to stop an almost indestructible cyborg killing machine, sent from the same year, which has been programmed to execute a young woman whose unborn so... Read all","https://m.media-amazon.com/images/M/MV5BYTViNzMxZjEtZGEwNy00MDNiLWIzNGQtZDY2MjQ1OWViZjFmXkEyXkFqcGdeQXVyNzkwMjQ5NzM@._V1_QL75_UX380_CR0,4,380,562_.jpg"
Platoon,1986,8.1,"Drama, War","Chris Taylor, a neophyte recruit in Vietnam, finds himself caught in a battle of wills between two sergeants, one good and the other evil. A shrewd examination of the brutality of war and th... Read all","https://m.media-amazon.com/images/M/MV5BNTU3NzY4ODY5MF5BMl5BanBnXkFtZTcwOTkzNzE1NA@@._V1_QL75_UX380_CR0,4,380,562_.jpg"
La passion de Jeanne d'Arc,1928,8.1,"Biography, Drama, History","In 1431, Jeanne d'Arc is placed on trial on charges of heresy. The ecclesiastical jurists attempt to force Jeanne to recant her claims of holy visions.","https://m.media-amazon.com/images/M/MV5BNjBjNDJiYTUtOWY0OS00OGVmLTg2YzctMTE0NzVhODM1ZWJmXkEyXkFqcGdeQXVyNjU0OTQ0OTY@._V1_QL75_UX380_CR0,16,380,562_.jpg"
La haine,1995,8.1,"Crime, Drama",24 hours in the lives of three young men in the French suburbs the day after a violent riot.,"https://m.media-amazon.com/images/M/MV5BOTQxOGU0OWUtMzExYy00ZjIxLWJmMzAtNTI1Y2YxYTMxN2RkXkEyXkFqcGdeQXVyMjUzOTY1NTc@._V1_QL75_UX380_CR0,1,380,562_.jpg"
Before Sunset,2004,8.1,"Drama, Romance","Nine years after Jesse and Celine first met, they encounter each other again on the French leg of Jesse's book tour.","https://m.media-amazon.com/images/M/MV5BMTQ1MjAwNTM5Ml5BMl5BanBnXkFtZTYwNDM0MTc3._V1_QL75_UY562_CR1,0,380,562_.jpg"
The Best Years of Our Lives,1946,8.1,"Drama, Romance, War","Three World War II veterans, two of them traumatized or disabled, return home to the American midwest to discover that they and their families have been irreparably changed.","https://m.media-amazon.com/images/M/MV5BY2RmNTRjYzctODI4Ni00MzQyLWEyNTAtNjU0N2JkMTNhNjJkXkEyXkFqcGdeQXVyNjU0OTQ0OTY@._V1_QL75_UX380_CR0,4,380,562_.jpg"
캐리비안의 해적: 블랙펄의 저주,2003,8.1,"Action, Adventure, Fantasy","Blacksmith Will Turner teams up with eccentric pirate ""Captain"" Jack Sparrow to save Elizabeth Swann, the governor's daughter and his love, from Jack's former pirate allies, who are now unde... Read all","https://m.media-amazon.com/images/M/MV5BNGYyZGM5MGMtYTY2Ni00M2Y1LWIzNjQtYWUzM2VlNGVhMDNhXkEyXkFqcGdeQXVyMTMxODk2OTU@._V1_QL75_UX380_CR0,2,380,562_.jpg"
엑소시스트: 디렉터스 컷,1973,8.1,Horror,"When a young girl is possessed by a mysterious entity, her mother seeks the help of two Catholic priests to save her life.","https://m.media-amazon.com/images/M/MV5BYWFlZGY2NDktY2ZjOS00ZWNkLTg0ZDAtZDY4MTM1ODU4ZjljXkEyXkFqcGdeQXVyMjUzOTY1NTc@._V1_QL75_UX380_CR0,8,380,562_.jpg"
Jai Bhim,2021,8.7,"Crime, Drama, Mystery","When a tribal man is arrested for a case of alleged theft, his wife turns to a human-rights lawyer to help bring justice.","https://m.media-amazon.com/images/M/MV5BNzFkM2FhMzQtYjUwZi00N2Y3LWFkZWItMmZmMjQxNGQwZmNhXkEyXkFqcGdeQXVyODEyNjEwMDk@._V1_QL75_UY562_CR35,0,380,562_.jpg"
Rush,2013,8.1,"Action, Biography, Drama",The merciless 1970s rivalry between Formula One rivals James Hunt and Niki Lauda.,"https://m.media-amazon.com/images/M/MV5BOWEwODJmZDItYTNmZC00OGM4LThlNDktOTQzZjIzMGQxODA4XkEyXkFqcGdeQXVyNjU0OTQ0OTY@._V1_QL75_UX380_CR0,0,380,562_.jpg"
Network,1976,8.1,Drama,"A television network cynically exploits a deranged former anchor's ravings and revelations about the news media for its own profit, but finds that his message may be difficult to control.","https://m.media-amazon.com/images/M/MV5BNzY0NjU5ODUtOTAzMC00NTU5LWJkZjctYWMyOWY2MTZmOWM1XkEyXkFqcGdeQXVyMTI3ODAyMzE2._V1_QL75_UX380_CR0,9,380,562_.jpg"
오즈의 마법사,1939,8.1,"Adventure, Family, Fantasy","Young Dorothy Gale and her dog Toto are swept away by a tornado from their Kansas farm to the magical Land of Oz, and embark on a quest with three new friends to see the Wizard, who can retu... Read all","https://m.media-amazon.com/images/M/MV5BNzBlZDQxNTUtMWUyYy00ZTIxLWI1OWYtNzgwOWQxNTc5ODE4XkEyXkFqcGdeQXVyMTA2ODkwNzM5._V1_QL75_UY562_CR5,0,380,562_.jpg"
Stand by Me,1986,8.1,"Adventure, Comedy, Drama",A writer recounts a childhood journey with his friends to find the body of a missing boy.,"https://m.media-amazon.com/images/M/MV5BODJmY2Y2OGQtMDg2My00N2Q3LWJmZTUtYTc2ODBjZDVlNDlhXkEyXkFqcGdeQXVyMTQxNzMzNDI@._V1_QL75_UX380_CR0,18,380,562_.jpg"
The Incredibles,2004,8.0,"Animation, Action, Adventure","While trying to lead a quiet suburban life, a family of undercover superheroes are forced into action to save the world.","https://m.media-amazon.com/images/M/MV5BMTY5OTU0OTc2NV5BMl5BanBnXkFtZTcwMzU4MDcyMQ@@._V1_QL75_UX380_CR0,0,380,562_.jpg"
Hachi: A Dog's Tale,2009,8.1,"Biography, Drama, Family","Professor Wilson discovers a lost Akita puppy on his way home. Despite objections from his wife, Hachi endears himself to the family and grows to be Parker's loyal companion. As their bond g... Read all","https://m.media-amazon.com/images/M/MV5BYmQzYjgyYzEtOTVhZC00MDRkLWJjNjItYzU3N2RiMTExZjA1XkEyXkFqcGdeQXVyMTcwOTQzOTYy._V1_QL75_UX380_CR0,2,380,562_.jpg"
Babam ve Oglum,2005,8.2,"Drama, Family",The family of a left-wing journalist is torn apart after the military coup of Turkey in 1980.,"https://m.media-amazon.com/images/M/MV5BNzEzMWYyYjEtNmVjZS00YTAyLWIyOTgtMzEzNzQxMTQzZTgwXkEyXkFqcGdeQXVyMTA0MTM5NjI2._V1_QL75_UX380_CR0,4,380,562_.jpg"
Ahgassi,2016,8.1,"Drama, Romance, Thriller","A woman is hired as a handmaiden to a Japanese heiress, but secretly she is involved in a plot to defraud her.","https://m.media-amazon.com/images/M/MV5BNDc1ZGQ1NzUtMWY2YS00MTU3LWJkNzMtNzYwOGY0NmM2YjAzXkEyXkFqcGdeQXVyNjc1ODU3OTE@._V1_QL75_UY562_CR9,0,380,562_.jpg"
사운드 오브 뮤직,1965,8.1,"Biography, Drama, Family",A young novice is sent by her convent in 1930s Austria to become a governess to the seven children of a widowed naval officer.,"https://m.media-amazon.com/images/M/MV5BYThiZTY5MTAtODgwNS00OGNjLThjYzItOTcxYmYxMGY5MzBjXkEyXkFqcGdeQXVyNjc5NjEzNA@@._V1_QL75_UX380_CR0,4,380,562_.jpg"
Into the Wild,2007,8.1,"Adventure, Biography, Drama","After graduating from Emory University, top student and athlete Christopher McCandless abandons his possessions, gives his entire $24,000 savings account to charity and hitchhikes to Alaska ... Read all","https://m.media-amazon.com/images/M/MV5BNjQ0ODlhMWUtNmUwMS00YjExLWI4MjQtNjVmMmE2Y2E0MGRmXkEyXkFqcGdeQXVyNDk3NzU2MTQ@._V1_QL75_UY562_CR1,0,380,562_.jpg"
To Be or Not to Be,1942,8.1,"Comedy, Romance, War","During the German occupation of Poland, an acting troupe becomes embroiled in a Polish soldier's efforts to track down a German spy.","https://m.media-amazon.com/images/M/MV5BYTIwNDcyMjktMTczMy00NDM5LTlhNDEtMmE3NGVjOTM2YjQ3XkEyXkFqcGdeQXVyNjc0MzMzNjA@._V1_QL75_UX380_CR0,4,380,562_.jpg"
La battaglia di Algeri,1966,8.1,"Drama, War","In the 1950s, fear and violence escalate as the people of Algiers fight for independence from the French government.","https://m.media-amazon.com/images/M/MV5BNzczYTcyY2ItZjVhNS00NjllLThmZTEtOWRiODE3ODAxODJhL2ltYWdlXkEyXkFqcGdeQXVyNjgxMDA4OTI@._V1_QL75_UY562_CR6,0,380,562_.jpg"
The Grapes of Wrath,1940,8.1,Drama,"An Oklahoma family, driven off their farm by the poverty and hopelessness of the Dust Bowl, joins the westward migration to California, suffering the misfortunes of the homeless in the Great... Read all","https://m.media-amazon.com/images/M/MV5BNzJiOGI2MjctYjUyMS00ZjkzLWE2ZmUtOTg4NTZkOTNhZDc1L2ltYWdlXkEyXkFqcGdeQXVyNjc1NTYyMjg@._V1_QL75_UX380_CR0,1,380,562_.jpg"
사랑의 블랙홀,1993,8.0,"Comedy, Drama, Fantasy","A narcissistic, self-centered weatherman finds himself in a time loop on Groundhog Day.","https://m.media-amazon.com/images/M/MV5BZWIxNzM5YzQtY2FmMS00Yjc3LWI1ZjUtNGVjMjMzZTIxZTIxXkEyXkFqcGdeQXVyNjU0OTQ0OTY@._V1_QL75_UX380_CR0,2,380,562_.jpg"
Amores perros,2000,8.1,"Drama, Thriller","An amateur dog fighter, a supermodel, and a derelict assassin, all separately struggling to find love, find their lives transformed by a devastating car wreck in Mexico City.","https://m.media-amazon.com/images/M/MV5BZjUxNmEwOGItMTBmYi00MWQ1LWExY2MtNDUxMjI0OWM4M2NiXkEyXkFqcGdeQXVyMjUzOTY1NTc@._V1_QL75_UX380_CR0,3,380,562_.jpg"
The Iron Giant,1999,8.1,"Animation, Action, Adventure",A young boy befriends a giant robot from outer space that a paranoid government agent wants to destroy.,"https://m.media-amazon.com/images/M/MV5BYzBjZTNkMzQtZmNkOC00Yzk0LTljMjktZjk3YWVlZjY3NTk2XkEyXkFqcGdeQXVyMTUzMDUzNTI3._V1_QL75_UX380_CR0,1,380,562_.jpg"
Rebecca,1940,8.1,"Drama, Mystery, Romance",A self-conscious woman juggles adjusting to her new role as an aristocrat's wife and avoiding being intimidated by his first wife's spectral presence.,"https://m.media-amazon.com/images/M/MV5BOGVmYmZiYTItNjUyNy00NzE4LTlhYjctMWEwMzYxYzEyMjNiXkEyXkFqcGc@._V1_QL75_UX380_CR0,0,380,562_.jpg"
Cool Hand Luke,1967,8.1,"Crime, Drama","A laid-back Southern man is sentenced to two years in a rural prison, but refuses to conform.","https://m.media-amazon.com/images/M/MV5BNjcwNTQ3Y2EtMjdmZi00ODBhLWFhNzQtOTc3MWU5NTZlMDViXkEyXkFqcGdeQXVyMjUzOTY1NTc@._V1_QL75_UX380_CR0,11,380,562_.jpg"
헬프,2011,8.1,Drama,"An aspiring author during the civil rights movement of the 1960s decides to write a book detailing the African American maids' point of view on the white families for which they work, and th... Read all","https://m.media-amazon.com/images/M/MV5BMTM5OTMyMjIxOV5BMl5BanBnXkFtZTcwNzU4MjIwNQ@@._V1_QL75_UX380_CR0,0,380,562_.jpg"
어느 날 밤에 생긴 일,1934,8.1,"Comedy, Romance",A rogue reporter trailing a runaway heiress for a big story joins her on a bus heading from Florida to New York and they end up stuck with each other when the bus leaves them behind at one o... Read all,"https://m.media-amazon.com/images/M/MV5BMDg5MmEwZjItODllOS00Yjc4LTk3NzItZWY4ODFlODQzZjJlXkEyXkFqcGdeQXVyNjc5NjEzNA@@._V1_QL75_UX380_CR0,4,380,562_.jpg"
Drishyam,2015,8.2,"Crime, Drama, Mystery","Desperate measures are taken by a man who tries to save his family from the dark side of the law, after they commit an unexpected crime.","https://m.media-amazon.com/images/M/MV5BYmJhZmJlYTItZmZlNy00MGY0LTg0ZGMtNWFkYWU5NTA1YTNhXkEyXkFqcGdeQXVyODE5NzE3OTE@._V1_QL75_UY562_CR5,0,380,562_.jpg"
Dances with Wolves,1990,8.0,"Adventure, Drama, Western","Lieutenant John Dunbar, assigned to a remote western Civil War outpost, finds himself engaging with a neighbouring Sioux settlement, causing him to question his own purpose.","https://m.media-amazon.com/images/M/MV5BMTY3OTI5NDczN15BMl5BanBnXkFtZTcwNDA0NDY3Mw@@._V1_QL75_UX380_CR0,4,380,562_.jpg"
알라딘,1992,8.0,"Animation, Adventure, Comedy",A kind-hearted street urchin and a power-hungry Grand Vizier vie for a magic lamp that has the power to make their deepest wishes come true.,"https://m.media-amazon.com/images/M/MV5BZTg5ZTVmM2EtZjdhZC00MzBjLWEwZTYtNWIwZDczYzZkMzA4XkEyXkFqcGdeQXVyMTQxNzMzNDI@._V1_QL75_UX380_CR0,13,380,562_.jpg"
Andhadhun,2018,8.2,"Crime, Mystery, Thriller","A series of mysterious events change the life of a blind pianist, who must now report a crime that he should technically know nothing of.","https://m.media-amazon.com/images/M/MV5BOTkwYTQ2ZWItZjQ0Ny00NmU0LWEzYzktZmNlZTU4ZTE1OWI1XkEyXkFqcGdeQXVyNzU3Nzk4MDQ@._V1_QL75_UX380_CR0,4,380,562_.jpg"
